ip,status,ths_15m,primary_cause,confidence,alternate_causes,secondary_causes,solutions,evidence,file
10.102.0.130,0算力,0.000000,算力板全板失效（芯片未检出/初始化失败）,高,算力板/芯片异常；网络/矿池连接异常；疑似供电/排线/控制板链路问题,疑似供电/排线/控制板链路问题；算力板/芯片异常,"断电后重新插拔控制板到三块算力板的数据排线与电源接口；重点检查 HB1/HB2/HB3 是否都出现 no chips detected 或 NoChipsDetected；交叉测试控制板与算力板，确认是控制板链路问题还是算力板损坏；检查 PSU 对算力板供电电压与负载稳定性（是否触发过流保护）；若仍失败，优先更换故障算力板或控制板；当前日志涉及 HB:1,2,3","2026-04-09T12:46:58.327531Z [ERROR] Tuner error: Disabled hashboard 1 {HB:1}: {ERR:I3} no chips detected on the current chain
2026-04-09T12:48:06.028299Z [ERROR] Tuner error: Disabled hashboard 2 {HB:2}: {ERR:I3} no chips detected on the current chain
2026-04-09T18:49:05.103211Z [ERROR] Tuner error: Disabled hashboard 1 {HB:1}: {ERR:I3} no chips detected on the current chain
2026-04-09T18:50:18.951647Z [ERROR] Tuner error: Disabled hashboard 2 {HB:2}: {ERR:I3} no chips detected on the current chain
2026-04-10T01:07:19.063394Z [ERROR] Tuner error: Disabled hashboard 1 {HB:1}: {ERR:I3} no chips detected on the current chain
2026-04-10T01:08:38.160209Z [ERROR] Tuner error: Disabled hashboard 2 {HB:2}: {ERR:I3} no chips detected on the current chain
2026-04-10T03:04:45.696040Z [ERROR] Tuner error: Disabled hashboard 1 {HB:1}: {ERR:I3} no chips detected on the current chain
2026-04-10T03:05:54.741337Z [ERROR] Tuner error: Disabled hashboard 2 {HB:2}: {ERR:I3} no chips detected on the current chain
2026-04-10T03:07:13.581228Z [ERROR] Tuner error: Disabled hashboard 3 {HB:3}: {ERR:I3} no chips detected on the current chain
2026-04-10T03:08:48.157305Z [ERROR] Tuner error: Disabled hashboard 1 {HB:1}: {ERR:I3} no chips detected on the current chain
2026-04-10T03:19:45.585113Z [ERROR] Tuner error: Disabled hashboard 1 {HB:1}: {ERR:I3} no chips detected on the current chain
2026-04-10T03:20:54.639142Z [ERROR] Tuner error: Disabled hashboard 2 {HB:2}: {ERR:I3} no chips detected on the current chain",logs_10_102_0_130_MINER-10-102-0-130.txt
10.102.0.131,0算力,0.000000,算力板严重异常（芯片识别/通信错误，NoPIC 可能无法单禁板）,高,算力板/芯片异常；网络/矿池连接异常；总线/通信异常；若混有较早的 Failed to resolve，通常与当前 tuner 禁板无直接关系，以 HB 报错为主,若混有较早的 Failed to resolve，通常与当前 tuner 禁板无直接关系，以 HB 报错为主；总线/通信异常,"关注 Tuner 报错：如 detected … chips 远超 110、unexpected revision、ERR:I1/I2，多为该板通信或硬件损坏；断电后重插故障 HB 对应算力板排线与供电；与正常板互换槽位判断是板还是接口；NoPIC 机型可能无法单独禁用故障板，整机可能无法继续挖矿，需先修复或更换该板；若混有历史 Failed to resolve，以导出时间附近 tuner/hashboard 报错为准；矿池 Alive 不等于当前无板级故障；当前日志涉及 HB:2,3","2026-04-07T21:10:04.637602Z [ERROR] Tuner error: Disabled hashboard 3 {HB:3}: {ERR:I3} no chips detected on the current chain
2026-04-07T21:15:05.816919Z [ERROR] Tuner error: Disabled hashboard 2 {HB:2}: {ERR:I3} no chips detected on the current chain
2026-04-07T21:16:16.634609Z [ERROR] Tuner error: Disabled hashboard 3 {HB:3}: {ERR:I3} no chips detected on the current chain
2026-04-07T21:35:05.109994Z [ERROR] Tuner error: {ERR:H2} Stage 9: Zero MCR on hashboards [Address(1)]
2026-04-10T02:36:06.528426Z [ERROR] Tuner error: Disabled hashboard 2 {HB:2}: {ERR:I3} no chips detected on the current chain
2026-04-10T02:37:18.225477Z [ERROR] Tuner error: Disabled hashboard 3 {HB:3}: {ERR:I3} no chips detected on the current chain
2026-04-10T18:22:08.072633Z [ERROR] Tuner error: Disabled hashboard 2 {HB:2}: {ERR:I3} no chips detected on the current chain
2026-04-10T18:23:21.422271Z [ERROR] Tuner error: Disabled hashboard 3 {HB:3}: {ERR:I3} no chips detected on the current chain
2026-04-11T10:17:20.272578Z [ERROR] Tuner error: Disabled hashboard 2 {HB:2}: {ERR:I3} no chips detected on the current chain
2026-04-11T10:18:31.903149Z [ERROR] Tuner error: Disabled hashboard 3 {HB:3}: {ERR:I3} no chips detected on the current chain
2026-04-12T00:08:26.432087Z [ERROR] Tuner error: {ERR:H2} Stage 1: Zero MCR on hashboards [Address(1)]
2026-04-01T16:31:23.410759Z [ERROR] Tuner error: {ERR:H2} Stage 9: Zero MCR on hashboards [Address(1), Address(2), Address(3)]",logs_10_102_0_131_MINER-10-102-0-131.txt
10.102.0.137,0算力,0.000000,单链算力板故障致 SOC 停机（芯片数异常/CRC/通信）,高,总线/通信异常；日志中「power off hashboard」为关断算力板动作，勿与 PSU 模块故障混淆,日志中「power off hashboard」为关断算力板动作，勿与 PSU 模块故障混淆,根据日志定位异常 Chain（如 find 0 asic、仅 find 部分数量、reg crc error）；断电后重插该链算力板排线与供电，做与正常链互换槽位测试以区分板卡与接口；若故障随板迁移则更换算力板；若固定在槽位则检查控制板与该槽位连线；若固件支持可尝试暂时禁用故障链仅跑健康链（注意功耗与收益）,"2026-04-10 18:19:07 load chain 0 eeprom data
2026-04-10 18:19:08 load chain 1 eeprom data
2026-04-10 18:19:08 load chain 2 eeprom data
2026-04-10 18:19:08 eeprom load ret:0
2026-04-10 18:19:08 eeprom load levels
2026-04-10 18:19:12 Wait for hashboard cool, please wait, this may take up to 2 minutes...
2026-04-11 01:53:15 !!! reg crc error
2026-04-11 11:31:36 !!! reg crc error
2026-04-11 12:42:55 load chain 0 eeprom data
2026-04-11 12:42:55 load chain 1 eeprom data
2026-04-11 12:42:56 load chain 2 eeprom data
2026-04-11 12:42:56 eeprom load ret:0",logs_10_102_0_137_MINER-10-102-0-137.txt
10.102.0.150,0算力,0.000000,算力板间温差过大（温度保护停机）,高,温度异常；日志含 Fan check passed，可优先排查单链散热、风道堵塞与导热接触，而非风扇本体故障；若出现 Wait for hashboard cool / Slept … diff =，属温差保护逻辑；重点处理高温链路与积灰,日志含 Fan check passed，可优先排查单链散热、风道堵塞与导热接触，而非风扇本体故障；若出现 Wait for hashboard cool / Slept … diff =，属温差保护逻辑；重点处理高温链路与积灰；温度异常,根据 STATS/日志确认温差异常链（chain）与 PCB/芯片温度分布；重点清理该链散热片与风道、检查硅脂与散热器接触；与其它正常链互换槽位，判断是单链散热/板卡问题还是槽位风道问题；Fan check passed 时仍可能风道堵塞或单链过热；等待 hashboard cool 后仍报 temp diff too high 时，勿先当总线故障；排除积灰、接触不良后再考虑降频或报修；勿随意放宽固件温差阈值；持续异常需更换算力板或厂家检测,"2026-04-10 18:18:37 load chain 0 eeprom data
2026-04-10 18:18:37 load chain 1 eeprom data
2026-04-10 18:18:38 load chain 2 eeprom data
2026-04-10 18:18:38 eeprom load ret:0
2026-04-10 18:18:38 eeprom load levels
2026-04-10 18:18:42 Wait for hashboard cool, please wait, this may take up to 2 minutes...
2026-04-10 18:22:42 ERROR_TEMP_TOO_LOW: temp diff too high!
2026-04-10 18:22:42 stop_mining: temp diff too high!
2026-04-10 18:22:42 ****power off hashboard****
2026-04-11 23:27:44 ****power off hashboard****
2026-04-11 23:27:58 load chain 0 eeprom data
2026-04-11 23:27:58 load chain 1 eeprom data",logs_10_102_0_150_MINER-10-102-0-150.txt
10.102.0.151,0算力,0.000000,算力板芯片枚举不足（Hashchip 与 110 不符，已被禁用）,高,网络/矿池连接异常；算力板/芯片异常；多链芯片响应不足或无法通信，Tuner 已禁用对应算力板；优先重插排线/换槽位，仍失败则更换板卡；PSU I²C 校验失败可为次要因素，多在板卡与链路确认后再复测电源通信,多链芯片响应不足或无法通信，Tuner 已禁用对应算力板；优先重插排线/换槽位，仍失败则更换板卡；PSU I²C 校验失败可为次要因素，多在板卡与链路确认后再复测电源通信；算力板/芯片异常,根据 Tuner error / CHAIN 日志确认 {HB:n} 与「number of responses … doesn't match chip count 110」对应链；断电后重插故障板数据排线与电源接口；与正常链互换槽位判断是板卡还是槽位/控制板；仅一链正常时总算力约为额定三分之一属常见现象；PSU I²C checksum 异常多为次要，板卡稳定后再复测电源；若某链长期 0 响应或响应数远低于 110，按算力板硬件损坏或通信链路故障处理，更换板卡或送修；当前日志涉及 HB:2,"2026-04-12T00:15:12.016344Z [ERROR] {ERR:H1} Hashboard 2 has a problem, but this is a NoPIC miner and bosminer can't disable it individually for safety reasons
2026-04-12T00:15:12.026672Z [ERROR] Tuner error: Stage Some(4): restart: Disabled hashboard 2 {HB:2}: Hashchip: number of responses 30 of read_register(reg=0x0) doesn't match chip count 110: reply 0x3c missing
2026-04-12T00:16:28.827090Z [ERROR] {ERR:H1} Hashboard 2 has a problem, but this is a NoPIC miner and bosminer can't disable it individually for safety reasons
2026-04-12T00:16:28.836288Z [ERROR] Tuner error: Disabled hashboard 2 {HB:2}: Hashchip: number of responses 30 of read_register(reg=0x0) doesn't match chip count 110: reply 0x3c missing
2026-04-12T00:27:35.190118Z [ERROR] {ERR:H1} Hashboard 2 has a problem, but this is a NoPIC miner and bosminer can't disable it individually for safety reasons
2026-04-12T00:27:35.199362Z [ERROR] Tuner error: Disabled hashboard 2 {HB:2}: Hashchip: number of responses 30 of read_register(reg=0x0) doesn't match chip count 110: reply 0x3c missing
2026-04-12T00:28:49.831127Z [ERROR] {ERR:H1} Hashboard 2 has a problem, but this is a NoPIC miner and bosminer can't disable it individually for safety reasons
2026-04-12T00:28:49.840122Z [ERROR] Tuner error: Disabled hashboard 2 {HB:2}: Hashchip: number of responses 30 of read_register(reg=0x0) doesn't match chip count 110: reply 0x3c missing
2026-04-12T01:29:56.187963Z [ERROR] {ERR:H1} Hashboard 2 has a problem, but this is a NoPIC miner and bosminer can't disable it individually for safety reasons
2026-04-12T01:29:56.197294Z [ERROR] Tuner error: Disabled hashboard 2 {HB:2}: Hashchip: number of responses 30 of read_register(reg=0x0) doesn't match chip count 110: reply 0x3c missing
2026-04-12T01:31:09.825013Z [ERROR] {ERR:H1} Hashboard 2 has a problem, but this is a NoPIC miner and bosminer can't disable it individually for safety reasons
2026-04-12T01:31:09.834302Z [ERROR] Tuner error: Disabled hashboard 2 {HB:2}: Hashchip: number of responses 30 of read_register(reg=0x0) doesn't match chip count 110: reply 0x3c missing",logs_10_102_0_151_MINER-10-102-0-151.txt
10.102.0.155,0算力,0.000000,多块算力板故障致 SOC 停机（芯片数严重不足/CRC）,高,日志中「power off hashboard」为关断算力板动作，勿与 PSU 模块故障混淆,日志中「power off hashboard」为关断算力板动作，勿与 PSU 模块故障混淆,日志中若多条 Chain 出现「only find … asic」远低于 110，且伴随 ERROR_SOC_INIT，多为多块板同时异常；分别检查各故障链的排线、供电接口；与正常链交叉换槽位判断是板还是槽位/控制板；确认 PSU 各组输出是否稳定，但勿将「power off hashboard」误判为 PSU 本体损坏；必要时逐板更换或送修；若固件支持可尝试仅启用健康链临时恢复部分算力,"2026-04-10 18:19:38 load chain 0 eeprom data
2026-04-10 18:19:38 load chain 1 eeprom data
2026-04-10 18:19:39 load chain 2 eeprom data
2026-04-10 18:19:39 eeprom load ret:0
2026-04-10 18:19:39 eeprom load levels
2026-04-10 18:19:42 Wait for hashboard cool, please wait, this may take up to 2 minutes...
2026-04-10 18:24:02 Chain 1 only find 91 asic, will power off hash board 1
2026-04-10 18:24:07 Chain 2 only find 0 asic, will power off hash board 2
2026-04-10 18:24:07 ERROR_SOC_INIT: soc init failed!
2026-04-10 18:24:07 stop_mining: soc init failed!
2026-04-10 18:24:07 ****power off hashboard****
2026-04-10 19:15:38 ****power off hashboard****",logs_10_102_0_155_MINER-10-102-0-155.txt
10.102.0.156,0算力,0.000000,风扇异常（丢失/数量不足触发保护停机）,高,风扇异常；若同一时间段后出现 ERROR_SOC_INIT，多为风扇保护后的连带失败，主因仍为风扇检测,若同一时间段后出现 ERROR_SOC_INIT，多为风扇保护后的连带失败，主因仍为风扇检测；风扇异常,根据日志确认要求风扇数量与实际检测数量（如 only find 3 < 4）；断电后检查四个风扇插头是否插紧、线序是否与控制板丝印一致，必要时对调插头判断是风扇还是接口；确认风扇转速是否异常或为 0；更换不转或信号异常的风扇；若硬件正常仍误报，检查控制板风扇检测电路；ERROR_SOC_INIT 若紧跟 fan lost，多为保护停机连带而非算力板主因,"2026-04-10 18:19:36 load chain 0 eeprom data
2026-04-10 18:19:38 load chain 1 eeprom data
2026-04-10 18:19:38 load chain 2 eeprom data
2026-04-10 18:19:38 eeprom load ret:0
2026-04-10 18:19:38 eeprom load levels
2026-04-10 18:19:58 Error, fan lost, only find 3 (< 4)
2026-04-10 18:19:58 ERROR_FAN_LOST: fan lost
2026-04-10 18:19:58 stop_mining: fan lost
2026-04-10 18:19:58 ****power off hashboard****
2026-04-10 18:20:00 ERROR_SOC_INIT: soc init failed!
2026-04-10 18:20:00 stop_mining: soc init failed!
2026-04-10 18:20:00 ****power off hashboard****",logs_10_102_0_156_MINER-10-102-0-156.txt
10.102.0.157,0算力,0.000000,多块算力板故障致 SOC 停机（芯片数严重不足/CRC）,高,日志中「power off hashboard」为关断算力板动作，勿与 PSU 模块故障混淆,日志中「power off hashboard」为关断算力板动作，勿与 PSU 模块故障混淆,日志中若多条 Chain 出现「only find … asic」远低于 110，且伴随 ERROR_SOC_INIT，多为多块板同时异常；分别检查各故障链的排线、供电接口；与正常链交叉换槽位判断是板还是槽位/控制板；确认 PSU 各组输出是否稳定，但勿将「power off hashboard」误判为 PSU 本体损坏；必要时逐板更换或送修；若固件支持可尝试仅启用健康链临时恢复部分算力,"2026-04-10 18:18:07 load chain 0 eeprom data
2026-04-10 18:18:07 load chain 1 eeprom data
2026-04-10 18:18:08 load chain 2 eeprom data
2026-04-10 18:18:08 eeprom load ret:0
2026-04-10 18:18:08 eeprom load levels
2026-04-10 18:18:12 Wait for hashboard cool, please wait, this may take up to 2 minutes...
2026-04-10 18:22:38 Chain 0 only find 0 asic, will power off hash board 0
2026-04-10 18:22:42 ERROR_SOC_INIT: soc init failed!
2026-04-10 18:22:42 stop_mining: soc init failed!
2026-04-10 18:22:42 ****power off hashboard****
2026-04-10 19:03:31 ****power off hashboard****
2026-04-10 19:03:44 load chain 0 eeprom data",logs_10_102_0_157_MINER-10-102-0-157.txt
10.102.0.159,0算力,0.000000,算力板芯片枚举不足（Hashchip 与 110 不符，已被禁用）,高,网络/矿池连接异常；算力板/芯片异常；多链芯片响应不足或无法通信，Tuner 已禁用对应算力板；优先重插排线/换槽位，仍失败则更换板卡；PSU I²C 校验失败可为次要因素，多在板卡与链路确认后再复测电源通信,多链芯片响应不足或无法通信，Tuner 已禁用对应算力板；优先重插排线/换槽位，仍失败则更换板卡；PSU I²C 校验失败可为次要因素，多在板卡与链路确认后再复测电源通信；算力板/芯片异常,"根据 Tuner error / CHAIN 日志确认 {HB:n} 与「number of responses … doesn't match chip count 110」对应链；断电后重插故障板数据排线与电源接口；与正常链互换槽位判断是板卡还是槽位/控制板；仅一链正常时总算力约为额定三分之一属常见现象；PSU I²C checksum 异常多为次要，板卡稳定后再复测电源；若某链长期 0 响应或响应数远低于 110，按算力板硬件损坏或通信链路故障处理，更换板卡或送修；当前日志涉及 HB:2,3","2026-04-07T21:10:08.476864Z [ERROR] Tuner error: Disabled hashboard 2 {HB:2}: {ERR:I3} no chips detected on the current chain
2026-04-07T21:15:16.995517Z [ERROR] Tuner error: Disabled hashboard 2 {HB:2}: {ERR:I3} no chips detected on the current chain
2026-04-10T02:36:18.878485Z [ERROR] Tuner error: Disabled hashboard 2 {HB:2}: {ERR:I3} no chips detected on the current chain
2026-04-10T03:06:02.077325Z [ERROR] Tuner error: Disabled hashboard 2 {HB:2}: {ERR:I3} no chips detected on the current chain
2026-04-10T18:20:36.462137Z [ERROR] Tuner error: Disabled hashboard 2 {HB:2}: {ERR:I3} no chips detected on the current chain
2026-04-10T23:16:12.772087Z [ERROR] Tuner error: Disabled hashboard 2 {HB:2}: {ERR:I3} no chips detected on the current chain
2026-04-11T10:17:36.726948Z [ERROR] Tuner error: Disabled hashboard 2 {HB:2}: {ERR:I3} no chips detected on the current chain
2026-03-29T19:43:50.469907Z [ERROR] Tuner error: Disabled hashboard 2 {HB:2}: {ERR:I3} no chips detected on the current chain
2026-03-30T03:22:33.181202Z [ERROR] Tuner error: Disabled hashboard 2 {HB:2}: {ERR:I3} no chips detected on the current chain
2026-03-31T18:07:16.144838Z [ERROR] Tuner error: Disabled hashboard 2 {HB:2}: {ERR:I3} no chips detected on the current chain
2026-03-31T18:18:41.776610Z [ERROR] Tuner error: Disabled hashboard 2 {HB:2}: {ERR:I3} no chips detected on the current chain
2026-04-02T05:33:24.183273Z [ERROR] Tuner error: miner resume: waiting for start: InitError on hashchain 3 {HB:3}: {ERR:I3} no chips detected on the current chain",logs_10_102_0_159_MINER-10-102-0-159.txt
10.102.0.160,0算力,0.000000,单链算力板故障致 SOC 停机（芯片数异常/CRC/通信）,高,总线/通信异常；日志中「power off hashboard」为关断算力板动作，勿与 PSU 模块故障混淆,日志中「power off hashboard」为关断算力板动作，勿与 PSU 模块故障混淆,根据日志定位异常 Chain（如 find 0 asic、仅 find 部分数量、reg crc error）；断电后重插该链算力板排线与供电，做与正常链互换槽位测试以区分板卡与接口；若故障随板迁移则更换算力板；若固定在槽位则检查控制板与该槽位连线；若固件支持可尝试暂时禁用故障链仅跑健康链（注意功耗与收益）,"2026-04-10 18:20:39 load chain 0 eeprom data
2026-04-10 18:20:39 load chain 1 eeprom data
2026-04-10 18:20:40 load chain 2 eeprom data
2026-04-10 18:20:40 eeprom load ret:0
2026-04-10 18:20:40 eeprom load levels
2026-04-10 18:20:44 Wait for hashboard cool, please wait, this may take up to 2 minutes...
2026-04-10 23:39:15 !!! reg crc error
2026-04-11 11:00:31 !!! reg crc error
2026-04-11 11:00:31 !!! reg crc error
2026-04-11 12:42:54 load chain 0 eeprom data
2026-04-11 12:42:55 load chain 1 eeprom data
2026-04-11 12:42:56 load chain 2 eeprom data",logs_10_102_0_160_MINER-10-102-0-160.txt
10.102.0.166,0算力,0.000000,算力板芯片枚举不足（Hashchip 与 110 不符，已被禁用）,高,网络/矿池连接异常；算力板/芯片异常；多链芯片响应不足或无法通信，Tuner 已禁用对应算力板；优先重插排线/换槽位，仍失败则更换板卡；PSU I²C 校验失败可为次要因素，多在板卡与链路确认后再复测电源通信,多链芯片响应不足或无法通信，Tuner 已禁用对应算力板；优先重插排线/换槽位，仍失败则更换板卡；PSU I²C 校验失败可为次要因素，多在板卡与链路确认后再复测电源通信；算力板/芯片异常,根据 Tuner error / CHAIN 日志确认 {HB:n} 与「number of responses … doesn't match chip count 110」对应链；断电后重插故障板数据排线与电源接口；与正常链互换槽位判断是板卡还是槽位/控制板；仅一链正常时总算力约为额定三分之一属常见现象；PSU I²C checksum 异常多为次要，板卡稳定后再复测电源；若某链长期 0 响应或响应数远低于 110，按算力板硬件损坏或通信链路故障处理，更换板卡或送修；当前日志涉及 HB:2,"2026-04-12T00:27:01.002994Z [ERROR] Tuner error: Stage Some(8): restart: Disabled hashboard 2 {HB:2}: {ERR:I3} no chips detected on the current chain
========== errors（错误） ==========
2015-01-01T00:03:32.423811Z [ERROR] Failed to resolve (""a830bcc3.bos.braiins.com"", 3336)
2026-03-31T22:28:04.002571Z [ERROR] Failed to resolve (""a830bcc3.bos.braiins.com"", 3336)
2026-04-05T21:45:46.766031Z [ERROR] Failed to resolve (""a830bcc3.bos.braiins.com"", 3336)
2026-04-05T21:46:17.808401Z [ERROR] Failed to resolve (""a830bcc3.bos.braiins.com"", 3336)
2026-04-05T21:46:38.842869Z [ERROR] Failed to resolve (""a830bcc3.bos.braiins.com"", 3336)
2026-03-29T15:43:09.904029Z [ERROR] Failed to resolve (""sha256.poolbinance.com"", 443)
2026-03-29T15:43:29.936565Z [ERROR] Failed to resolve (""btc.poolbinance.com"", 1800)
2026-03-29T15:43:30.943581Z [ERROR] Failed to resolve (""bs.poolbinance.com"", 3333)
2026-03-29T15:57:53.106566Z [ERROR] Failed to resolve (""a830bcc3.bos.braiins.com"", 3336)
2026-03-29T15:59:37.262155Z [ERROR] Failed to resolve (""sha256.poolbinance.com"", 443)",logs_10_102_0_166_MINER-10-102-0-166.txt
10.102.0.170,0算力,0.000000,算力板全板失效（芯片未检出/初始化失败）,高,算力板/芯片异常；网络/矿池连接异常；疑似供电/排线/控制板链路问题,疑似供电/排线/控制板链路问题；算力板/芯片异常,"断电后重新插拔控制板到三块算力板的数据排线与电源接口；重点检查 HB1/HB2/HB3 是否都出现 no chips detected 或 NoChipsDetected；交叉测试控制板与算力板，确认是控制板链路问题还是算力板损坏；检查 PSU 对算力板供电电压与负载稳定性（是否触发过流保护）；若仍失败，优先更换故障算力板或控制板；当前日志涉及 HB:1,2,3","2026-04-10T02:36:47.035765Z [ERROR] Tuner error: Disabled hashboard 3 {HB:3}: {ERR:I3} no chips detected on the current chain
2026-04-10T02:37:58.635607Z [ERROR] Tuner error: Disabled hashboard 2 {HB:2}: {ERR:I3} no chips detected on the current chain
2026-04-10T02:48:56.941377Z [ERROR] Tuner error: Disabled hashboard 1 {HB:1}: {ERR:I3} no chips detected on the current chain
2026-04-10T02:50:06.001434Z [ERROR] Tuner error: Disabled hashboard 2 {HB:2}: {ERR:I3} no chips detected on the current chain
2026-04-10T03:04:39.036260Z [ERROR] Tuner error: Disabled hashboard 1 {HB:1}: {ERR:I3} no chips detected on the current chain
2026-04-10T03:05:48.083440Z [ERROR] Tuner error: Disabled hashboard 2 {HB:2}: {ERR:I3} no chips detected on the current chain
2026-04-10T03:06:56.370471Z [ERROR] Tuner error: Disabled hashboard 3 {HB:3}: {ERR:I3} no chips detected on the current chain
2026-04-10T03:08:07.899667Z [ERROR] Tuner error: Disabled hashboard 1 {HB:1}: {ERR:I3} no chips detected on the current chain
2026-04-10T03:19:06.053702Z [ERROR] Tuner error: Disabled hashboard 1 {HB:1}: {ERR:I3} no chips detected on the current chain
2026-04-10T03:20:15.102314Z [ERROR] Tuner error: Disabled hashboard 2 {HB:2}: {ERR:I3} no chips detected on the current chain
2026-04-10T04:21:19.065976Z [ERROR] Tuner error: Disabled hashboard 1 {HB:1}: {ERR:I3} no chips detected on the current chain
2026-04-10T04:22:28.122055Z [ERROR] Tuner error: Disabled hashboard 2 {HB:2}: {ERR:I3} no chips detected on the current chain",logs_10_102_0_170_MINER-10-102-0-170.txt
10.102.0.171,0算力,0.000000,算力板全板失效（芯片未检出/初始化失败）,高,网络/矿池连接异常；算力板/芯片异常；疑似供电/排线/控制板链路问题,疑似供电/排线/控制板链路问题；网络/矿池连接异常,"断电后重新插拔控制板到三块算力板的数据排线与电源接口；重点检查 HB1/HB2/HB3 是否都出现 no chips detected 或 NoChipsDetected；交叉测试控制板与算力板，确认是控制板链路问题还是算力板损坏；检查 PSU 对算力板供电电压与负载稳定性（是否触发过流保护）；若仍失败，优先更换故障算力板或控制板；当前日志涉及 HB:1,3","2026-04-04T19:19:08.608130Z [ERROR] Tuner error: Disabled hashboard 1 {HB:1}: {ERR:I3} no chips detected on the current chain
2026-04-06T21:29:40.687493Z [ERROR] Tuner error: Disabled hashboard 1 {HB:1}: {ERR:I3} no chips detected on the current chain
2026-04-07T08:26:24.459180Z [ERROR] Tuner error: Disabled hashboard 1 {HB:1}: {ERR:I3} no chips detected on the current chain
2026-04-07T21:15:56.958514Z [ERROR] Tuner error: Disabled hashboard 1 {HB:1}: {ERR:I3} no chips detected on the current chain
2026-04-09T00:39:25.096597Z [ERROR] Tuner error: Disabled hashboard 1 {HB:1}: {ERR:I3} no chips detected on the current chain
2026-04-09T00:40:41.777303Z [ERROR] Tuner error: Disabled hashboard 3 {HB:3}: {ERR:I3} no chips detected on the current chain
2026-04-10T02:36:21.459097Z [ERROR] Tuner error: Disabled hashboard 1 {HB:1}: {ERR:I3} no chips detected on the current chain
2026-04-10T02:37:34.297170Z [ERROR] Tuner error: Disabled hashboard 3 {HB:3}: {ERR:I3} no chips detected on the current chain
2026-04-10T18:22:21.170288Z [ERROR] Tuner error: Disabled hashboard 1 {HB:1}: {ERR:I3} no chips detected on the current chain
2026-04-10T18:23:33.014240Z [ERROR] Tuner error: Disabled hashboard 3 {HB:3}: {ERR:I3} no chips detected on the current chain
2026-04-11T10:17:49.950455Z [ERROR] Tuner error: Disabled hashboard 1 {HB:1}: {ERR:I3} no chips detected on the current chain
2026-04-11T10:19:01.796021Z [ERROR] Tuner error: Disabled hashboard 3 {HB:3}: {ERR:I3} no chips detected on the current chain",logs_10_102_0_171_MINER-10-102-0-171.txt
10.102.0.175,0算力,0.000000,算力板全板失效（芯片未检出/初始化失败）,高,网络/矿池连接异常；算力板/芯片异常；疑似供电/排线/控制板链路问题,疑似供电/排线/控制板链路问题；网络/矿池连接异常,"断电后重新插拔控制板到三块算力板的数据排线与电源接口；重点检查 HB1/HB2/HB3 是否都出现 no chips detected 或 NoChipsDetected；交叉测试控制板与算力板，确认是控制板链路问题还是算力板损坏；检查 PSU 对算力板供电电压与负载稳定性（是否触发过流保护）；若仍失败，优先更换故障算力板或控制板；当前日志涉及 HB:1,3","2026-03-31T05:03:09.566253Z [ERROR] Tuner error: Disabled hashboard 1 {HB:1}: {ERR:I3} no chips detected on the current chain
2026-03-31T05:04:20.426710Z [ERROR] Tuner error: Disabled hashboard 3 {HB:3}: {ERR:I3} no chips detected on the current chain
2026-03-31T18:07:14.766442Z [ERROR] Tuner error: Disabled hashboard 1 {HB:1}: {ERR:I3} no chips detected on the current chain
2026-03-31T18:08:46.412915Z [ERROR] Tuner error: Disabled hashboard 3 {HB:3}: {ERR:I3} no chips detected on the current chain
2026-04-02T14:54:02.015133Z [ERROR] Tuner error: Disabled hashboard 1 {HB:1}: {ERR:I3} no chips detected on the current chain
2026-04-02T14:55:10.179191Z [ERROR] Tuner error: Disabled hashboard 3 {HB:3}: {ERR:I3} no chips detected on the current chain
2026-04-02T16:24:27.294454Z [ERROR] Tuner error: Disabled hashboard 1 {HB:1}: {ERR:I3} no chips detected on the current chain
2026-04-02T16:25:59.524075Z [ERROR] Tuner error: Disabled hashboard 3 {HB:3}: {ERR:I3} no chips detected on the current chain
2026-04-02T16:56:17.084755Z [ERROR] Tuner error: Disabled hashboard 1 {HB:1}: {ERR:I3} no chips detected on the current chain
2026-04-02T16:57:49.735204Z [ERROR] Tuner error: Disabled hashboard 3 {HB:3}: {ERR:I3} no chips detected on the current chain
2026-04-03T13:56:00.659383Z [ERROR] Tuner error: Disabled hashboard 1 {HB:1}: {ERR:I3} no chips detected on the current chain
2026-04-03T13:57:12.322987Z [ERROR] Tuner error: Disabled hashboard 3 {HB:3}: {ERR:I3} no chips detected on the current chain",logs_10_102_0_175_MINER-10-102-0-175.txt
10.102.0.177,0算力,0.000000,网络/矿池连接异常,高,,,检查 DNS、网关、交换机端口和网线；核对矿池地址/端口并切换备用矿池；观察重连频率与拒绝率是否恢复正常,"========== errors（错误） ==========
2026-04-05T21:46:38.116882Z [ERROR] Failed to resolve (""a830bcc3.bos.braiins.com"", 3336)
2026-03-29T16:24:40.287848Z [ERROR] Failed to resolve (""a830bcc3.bos.braiins.com"", 3336)
2026-03-29T16:26:22.433072Z [ERROR] Failed to resolve (""sha256.poolbinance.com"", 443)
2026-03-29T16:26:42.461507Z [ERROR] Failed to resolve (""btc.poolbinance.com"", 1800)
2026-03-29T16:26:44.466198Z [ERROR] Failed to resolve (""bs.poolbinance.com"", 3333)
2026-03-29T17:07:44.824000Z [ERROR] Failed to resolve (""a830bcc3.bos.braiins.com"", 3336)
2026-03-29T17:09:26.960150Z [ERROR] Failed to resolve (""sha256.poolbinance.com"", 443)
2026-03-29T17:09:46.992361Z [ERROR] Failed to resolve (""btc.poolbinance.com"", 1800)
2026-03-29T17:09:48.994332Z [ERROR] Failed to resolve (""bs.poolbinance.com"", 3333)
2026-03-29T18:07:45.596539Z [ERROR] Failed to resolve (""a830bcc3.bos.braiins.com"", 3336)
2026-03-29T18:09:27.725307Z [ERROR] Failed to resolve (""sha256.poolbinance.com"", 443)",logs_10_102_0_177_MINER-10-102-0-177.txt
10.102.0.178,0算力,0.000000,算力板芯片枚举不足（Hashchip 与 110 不符，已被禁用）,高,算力板/芯片异常；网络/矿池连接异常；多链芯片响应不足或无法通信，Tuner 已禁用对应算力板；优先重插排线/换槽位，仍失败则更换板卡；PSU I²C 校验失败可为次要因素，多在板卡与链路确认后再复测电源通信,多链芯片响应不足或无法通信，Tuner 已禁用对应算力板；优先重插排线/换槽位，仍失败则更换板卡；PSU I²C 校验失败可为次要因素，多在板卡与链路确认后再复测电源通信；算力板/芯片异常,"根据 Tuner error / CHAIN 日志确认 {HB:n} 与「number of responses … doesn't match chip count 110」对应链；断电后重插故障板数据排线与电源接口；与正常链互换槽位判断是板卡还是槽位/控制板；仅一链正常时总算力约为额定三分之一属常见现象；PSU I²C checksum 异常多为次要，板卡稳定后再复测电源；若某链长期 0 响应或响应数远低于 110，按算力板硬件损坏或通信链路故障处理，更换板卡或送修；当前日志涉及 HB:1,2,3","2026-04-11T00:34:12.898417Z [ERROR] Tuner error: Disabled hashboard 1 {HB:1}: {ERR:I3} no chips detected on the current chain
2026-04-11T00:35:59.314977Z [ERROR] Tuner error: Disabled hashboard 2 {HB:2}: {ERR:I3} no chips detected on the current chain
2026-04-11T00:53:27.427123Z [ERROR] Tuner error: Disabled hashboard 1 {HB:1}: {ERR:I3} no chips detected on the current chain
2026-04-11T00:54:54.404594Z [ERROR] Tuner error: Disabled hashboard 2 {HB:2}: {ERR:I3} no chips detected on the current chain
2026-04-11T00:56:15.003499Z [ERROR] Tuner error: Disabled hashboard 3 {HB:3}: {ERR:I3} no chips detected on the current chain
2026-04-11T00:58:18.351919Z [ERROR] Tuner error: Disabled hashboard 1 {HB:1}: {ERR:I3} no chips detected on the current chain
2026-04-11T01:09:20.698723Z [ERROR] Tuner error: Disabled hashboard 1 {HB:1}: {ERR:I3} no chips detected on the current chain
2026-04-11T01:10:42.755338Z [ERROR] Tuner error: Disabled hashboard 2 {HB:2}: {ERR:I3} no chips detected on the current chain
2026-04-11T02:11:40.186942Z [ERROR] Tuner error: Disabled hashboard 1 {HB:1}: {ERR:I3} no chips detected on the current chain
2026-04-11T02:12:59.684010Z [ERROR] Tuner error: Disabled hashboard 2 {HB:2}: {ERR:I3} no chips detected on the current chain
2026-04-11T09:06:53.070236Z [ERROR] Tuner error: Disabled hashboard 2 {HB:2}: {ERR:I3} no chips detected on the current chain
2026-04-11T09:08:00.985111Z [ERROR] Tuner error: Disabled hashboard 3 {HB:3}: {ERR:I3} no chips detected on the current chain",logs_10_102_0_178_MINER-10-102-0-178.txt
10.102.0.182,0算力,0.000000,算力板严重异常（芯片识别/通信错误，NoPIC 可能无法单禁板）,高,算力板/芯片异常；网络/矿池连接异常；若混有较早的 Failed to resolve，通常与当前 tuner 禁板无直接关系，以 HB 报错为主,若混有较早的 Failed to resolve，通常与当前 tuner 禁板无直接关系，以 HB 报错为主,"关注 Tuner 报错：如 detected … chips 远超 110、unexpected revision、ERR:I1/I2，多为该板通信或硬件损坏；断电后重插故障 HB 对应算力板排线与供电；与正常板互换槽位判断是板还是接口；NoPIC 机型可能无法单独禁用故障板，整机可能无法继续挖矿，需先修复或更换该板；若混有历史 Failed to resolve，以导出时间附近 tuner/hashboard 报错为准；矿池 Alive 不等于当前无板级故障；当前日志涉及 HB:1,2,3","2026-04-10T19:40:04.350406Z [ERROR] Tuner error: Disabled hashboard 3 {HB:3}: {ERR:I3} no chips detected on the current chain
2026-04-11T02:37:03.987857Z [ERROR] Tuner error: Disabled hashboard 1 {HB:1}: {ERR:I3} no chips detected on the current chain
2026-04-11T02:38:13.036699Z [ERROR] Tuner error: Disabled hashboard 2 {HB:2}: {ERR:I3} no chips detected on the current chain
2026-04-11T08:39:10.954245Z [ERROR] Tuner error: Disabled hashboard 1 {HB:1}: {ERR:I3} no chips detected on the current chain
2026-04-11T08:40:23.528237Z [ERROR] Tuner error: Disabled hashboard 3 {HB:3}: {ERR:I3} no chips detected on the current chain
2026-04-11T10:16:25.706695Z [ERROR] Tuner error: Disabled hashboard 1 {HB:1}: {ERR:I3} no chips detected on the current chain
2026-04-11T10:17:37.226853Z [ERROR] Tuner error: Disabled hashboard 3 {HB:3}: {ERR:I3} no chips detected on the current chain
2026-04-11T10:19:39.664244Z [ERROR] Tuner error: {ERR:H2} Stage 1: Zero MCR on hashboards [Address(2)]
2026-04-11T10:21:06.231500Z [ERROR] Tuner error: {ERR:H2} Stage 1: Zero MCR on hashboards [Address(2)]
2026-04-11T10:32:23.028846Z [ERROR] Tuner error: Disabled hashboard 1 {HB:1}: {ERR:I3} no chips detected on the current chain
2026-04-11T10:33:32.588556Z [ERROR] Tuner error: Disabled hashboard 3 {HB:3}: {ERR:I3} no chips detected on the current chain
2026-04-11T11:34:32.142730Z [ERROR] Tuner error: Disabled hashboard 1 {HB:1}: {ERR:I3} no chips detected on the current chain",logs_10_102_0_182_MINER-10-102-0-182.txt
10.102.0.186,0算力,0.000000,多块算力板故障致 SOC 停机（芯片数严重不足/CRC）,高,总线/通信异常；日志中「power off hashboard」为关断算力板动作，勿与 PSU 模块故障混淆,日志中「power off hashboard」为关断算力板动作，勿与 PSU 模块故障混淆,日志中若多条 Chain 出现「only find … asic」远低于 110，且伴随 ERROR_SOC_INIT，多为多块板同时异常；分别检查各故障链的排线、供电接口；与正常链交叉换槽位判断是板还是槽位/控制板；确认 PSU 各组输出是否稳定，但勿将「power off hashboard」误判为 PSU 本体损坏；必要时逐板更换或送修；若固件支持可尝试仅启用健康链临时恢复部分算力,"2026-04-10 18:19:06 load chain 0 eeprom data
2026-04-10 18:19:07 load chain 1 eeprom data
2026-04-10 18:19:08 load chain 2 eeprom data
2026-04-10 18:19:08 eeprom load ret:0
2026-04-10 18:19:08 eeprom load levels
2026-04-10 18:19:11 Wait for hashboard cool, please wait, this may take up to 2 minutes...
2026-04-10 18:26:30 Chain 0 only find 84 asic, will power off hash board 0
2026-04-10 18:26:34 ERROR_SOC_INIT: soc init failed!
2026-04-10 18:26:34 stop_mining: soc init failed!
2026-04-10 18:26:34 ****power off hashboard****
2026-04-10 19:15:38 ****power off hashboard****
2026-04-10 19:15:51 load chain 0 eeprom data",logs_10_102_0_186_MINER-10-102-0-186.txt
10.102.0.194,0算力,0.000000,算力板全板失效（芯片未检出/初始化失败）,高,网络/矿池连接异常；算力板/芯片异常；疑似供电/排线/控制板链路问题,疑似供电/排线/控制板链路问题；网络/矿池连接异常,"断电后重新插拔控制板到三块算力板的数据排线与电源接口；重点检查 HB1/HB2/HB3 是否都出现 no chips detected 或 NoChipsDetected；交叉测试控制板与算力板，确认是控制板链路问题还是算力板损坏；检查 PSU 对算力板供电电压与负载稳定性（是否触发过流保护）；若仍失败，优先更换故障算力板或控制板；当前日志涉及 HB:1,2,3","2026-03-29T19:43:54.955218Z [ERROR] Tuner error: Disabled hashboard 2 {HB:2}: {ERR:I3} no chips detected on the current chain
2026-03-29T19:45:06.556057Z [ERROR] Tuner error: Disabled hashboard 3 {HB:3}: {ERR:I3} no chips detected on the current chain
2026-03-30T03:22:24.799315Z [ERROR] Tuner error: Disabled hashboard 2 {HB:2}: {ERR:I3} no chips detected on the current chain
2026-03-30T03:23:37.614575Z [ERROR] Tuner error: Disabled hashboard 3 {HB:3}: {ERR:I3} no chips detected on the current chain
2026-03-30T21:51:17.441874Z [ERROR] Tuner error: Disabled hashboard 2 {HB:2}: {ERR:I3} no chips detected on the current chain
2026-03-30T21:52:42.391594Z [ERROR] Tuner error: Disabled hashboard 3 {HB:3}: {ERR:I3} no chips detected on the current chain
2026-03-30T23:54:03.235180Z [ERROR] Tuner error: Disabled hashboard 2 {HB:2}: {ERR:I3} no chips detected on the current chain
2026-03-30T23:55:34.444817Z [ERROR] Tuner error: Disabled hashboard 3 {HB:3}: {ERR:I3} no chips detected on the current chain
2026-03-31T04:45:11.619674Z [ERROR] Tuner error: Disabled hashboard 2 {HB:2}: {ERR:I3} no chips detected on the current chain
2026-03-31T04:46:24.954037Z [ERROR] Tuner error: Disabled hashboard 3 {HB:3}: {ERR:I3} no chips detected on the current chain
2026-03-31T05:03:13.095517Z [ERROR] Tuner error: Disabled hashboard 2 {HB:2}: {ERR:I3} no chips detected on the current chain
2026-03-31T05:04:26.460017Z [ERROR] Tuner error: Disabled hashboard 3 {HB:3}: {ERR:I3} no chips detected on the current chain",logs_10_102_0_194_MINER-10-102-0-194.txt
10.102.0.195,0算力,0.000000,算力板芯片枚举不足（Hashchip 与 110 不符，已被禁用）,高,算力板/芯片异常；网络/矿池连接异常；总线/通信异常；多链芯片响应不足或无法通信，Tuner 已禁用对应算力板；优先重插排线/换槽位，仍失败则更换板卡；PSU I²C 校验失败可为次要因素，多在板卡与链路确认后再复测电源通信,多链芯片响应不足或无法通信，Tuner 已禁用对应算力板；优先重插排线/换槽位，仍失败则更换板卡；PSU I²C 校验失败可为次要因素，多在板卡与链路确认后再复测电源通信；算力板/芯片异常,"根据 Tuner error / CHAIN 日志确认 {HB:n} 与「number of responses … doesn't match chip count 110」对应链；断电后重插故障板数据排线与电源接口；与正常链互换槽位判断是板卡还是槽位/控制板；仅一链正常时总算力约为额定三分之一属常见现象；PSU I²C checksum 异常多为次要，板卡稳定后再复测电源；若某链长期 0 响应或响应数远低于 110，按算力板硬件损坏或通信链路故障处理，更换板卡或送修；当前日志涉及 HB:1,2,3","2026-04-10T18:37:21.229560Z [ERROR] Tuner error: Disabled hashboard 3 {HB:3}: {ERR:I3} no chips detected on the current chain
2026-04-10T19:38:20.783405Z [ERROR] Tuner error: Disabled hashboard 2 {HB:2}: {ERR:I3} no chips detected on the current chain
2026-04-10T19:39:28.706223Z [ERROR] Tuner error: Disabled hashboard 3 {HB:3}: {ERR:I3} no chips detected on the current chain
2026-04-11T00:53:28.499530Z [ERROR] Tuner error: Disabled hashboard 2 {HB:2}: {ERR:I3} no chips detected on the current chain
2026-04-11T00:55:09.458409Z [ERROR] Tuner error: Disabled hashboard 1 {HB:1}: {ERR:I2} detected 896 chips, expected maximum 110 chips on one chain
2026-04-11T00:56:21.779792Z [ERROR] Tuner error: Disabled hashboard 3 {HB:3}: {ERR:I3} no chips detected on the current chain
2026-04-11T00:57:54.492202Z [ERROR] Tuner error: Disabled hashboard 1 {HB:1}: {ERR:I2} detected 133 chips, expected maximum 110 chips on one chain
2026-04-11T01:08:52.485727Z [ERROR] Tuner error: Disabled hashboard 2 {HB:2}: {ERR:I3} no chips detected on the current chain
2026-04-11T01:11:57.902251Z [ERROR] Tuner error: Disabled hashboard 1 {HB:1}: {ERR:I2} detected 1743 chips, expected maximum 110 chips on one chain
2026-04-11T02:14:31.171365Z [ERROR] Tuner error: Disabled hashboard 2 {HB:2}: {ERR:I3} no chips detected on the current chain
2026-04-11T02:16:06.443814Z [ERROR] Tuner error: Disabled hashboard 1 {HB:1}: {ERR:I2} detected 471 chips, expected maximum 110 chips on one chain
2026-04-11T09:11:11.945058Z [ERROR] Tuner error: Disabled hashboard 3 {HB:3}: {ERR:I3} no chips detected on the current chain",logs_10_102_0_195_MINER-10-102-0-195.txt
10.102.0.200,0算力,0.000000,限电/策略休眠（Curtailment Sleep）,高,退出休眠后若仍断连，再排查矿池/网络,退出休眠后若仍断连，再排查矿池/网络,在 LuxOS/矿场管理端或 API 来源处确认是否下发了 curtail/sleep 或限电策略；若需恢复挖矿：将 CurtailMode 改为非 Sleep，或取消对应限电/休眠任务；退出休眠后等待矿池重连，观察 SUMMARY/DEVS 是否从 Dead 恢复为正常；若恢复后仍无算力或矿池反复断连，再单独排查网络与矿池配置,"2026-04-12T06:57:18.763110Z [WARN] Temperature Sensor Read Failed
2026-04-12T06:57:18.854556Z [WARN] Temperature Sensor Read Failed
2026-04-12T06:57:20.448493Z [WARN] Temperature Sensor Read Failed
2026-04-12T06:57:20.539885Z [WARN] Temperature Sensor Read Failed
2026-04-12T06:57:22.138299Z [WARN] Temperature Sensor Read Failed
2026-04-12T06:57:22.230118Z [WARN] Temperature Sensor Read Failed
2026-04-12T06:57:23.824259Z [WARN] Temperature Sensor Read Failed
2026-04-12T06:57:23.915863Z [WARN] Temperature Sensor Read Failed
2026-04-12T06:57:25.512051Z [WARN] Temperature Sensor Read Failed
2026-04-12T06:57:25.603311Z [WARN] Temperature Sensor Read Failed
2026-04-12T06:57:27.201946Z [WARN] Temperature Sensor Read Failed
2026-04-12T06:57:27.293148Z [WARN] Temperature Sensor Read Failed",logs_10_102_0_200_MINER-10-102-0-200.txt
10.102.0.202,0算力,0.000000,算力板芯片枚举不足（Hashchip 与 110 不符，已被禁用）,高,网络/矿池连接异常；算力板/芯片异常；多链芯片响应不足或无法通信，Tuner 已禁用对应算力板；优先重插排线/换槽位，仍失败则更换板卡；PSU I²C 校验失败可为次要因素，多在板卡与链路确认后再复测电源通信,多链芯片响应不足或无法通信，Tuner 已禁用对应算力板；优先重插排线/换槽位，仍失败则更换板卡；PSU I²C 校验失败可为次要因素，多在板卡与链路确认后再复测电源通信；算力板/芯片异常,根据 Tuner error / CHAIN 日志确认 {HB:n} 与「number of responses … doesn't match chip count 110」对应链；断电后重插故障板数据排线与电源接口；与正常链互换槽位判断是板卡还是槽位/控制板；仅一链正常时总算力约为额定三分之一属常见现象；PSU I²C checksum 异常多为次要，板卡稳定后再复测电源；若某链长期 0 响应或响应数远低于 110，按算力板硬件损坏或通信链路故障处理，更换板卡或送修；当前日志涉及 HB:2,"2026-04-06T21:29:27.232212Z [ERROR] Tuner error: Disabled hashboard 2 {HB:2}: {ERR:I3} no chips detected on the current chain
2026-04-07T08:26:08.872240Z [ERROR] Tuner error: Disabled hashboard 2 {HB:2}: {ERR:I3} no chips detected on the current chain
2026-04-07T21:15:41.828549Z [ERROR] Tuner error: Disabled hashboard 2 {HB:2}: {ERR:I3} no chips detected on the current chain
2026-04-10T02:36:20.537659Z [ERROR] Tuner error: Disabled hashboard 2 {HB:2}: {ERR:I3} no chips detected on the current chain
2026-04-10T18:22:09.947989Z [ERROR] Tuner error: Disabled hashboard 2 {HB:2}: {ERR:I3} no chips detected on the current chain
2026-04-10T23:16:16.281813Z [ERROR] Tuner error: Disabled hashboard 2 {HB:2}: {ERR:I3} no chips detected on the current chain
2026-04-11T10:17:43.069362Z [ERROR] Tuner error: Disabled hashboard 2 {HB:2}: {ERR:I3} no chips detected on the current chain
2026-04-11T10:59:00.763612Z [ERROR] Tuner error: Disabled hashboard 2 {HB:2}: {ERR:I3} no chips detected on the current chain
========== errors（错误） ==========
2026-04-05T21:46:17.040723Z [ERROR] Failed to resolve (""a830bcc3.bos.braiins.com"", 3336)
2026-04-05T21:46:38.067044Z [ERROR] Failed to resolve (""a830bcc3.bos.braiins.com"", 3336)
2026-03-29T16:26:46.481306Z [ERROR] Failed to resolve (""btc.poolbinance.com"", 1800)",logs_10_102_0_202_MINER-10-102-0-202.txt
10.102.0.212,0算力,0.000000,算力板全板失效（芯片未检出/初始化失败）,高,算力板/芯片异常；网络/矿池连接异常；电源异常；疑似供电/排线/控制板链路问题,疑似供电/排线/控制板链路问题；算力板/芯片异常,"断电后重新插拔控制板到三块算力板的数据排线与电源接口；重点检查 HB1/HB2/HB3 是否都出现 no chips detected 或 NoChipsDetected；交叉测试控制板与算力板，确认是控制板链路问题还是算力板损坏；检查 PSU 对算力板供电电压与负载稳定性（是否触发过流保护）；若仍失败，优先更换故障算力板或控制板；当前日志涉及 HB:1,2","2026-04-10T02:50:12.284423Z [ERROR] Tuner error: {ERR:H2} Stage 1: Zero MCR on hashboards [Address(3)]
2026-04-10T03:01:29.177889Z [ERROR] Tuner error: Disabled hashboard 1 {HB:1}: {ERR:I3} no chips detected on the current chain
2026-04-10T03:02:38.722432Z [ERROR] Tuner error: Disabled hashboard 2 {HB:2}: {ERR:I3} no chips detected on the current chain
2026-04-10T03:04:40.386539Z [ERROR] Tuner error: Disabled hashboard 1 {HB:1}: {ERR:I3} no chips detected on the current chain
2026-04-10T03:05:51.904167Z [ERROR] Tuner error: Disabled hashboard 2 {HB:2}: {ERR:I3} no chips detected on the current chain
2026-04-10T03:07:10.385905Z [ERROR] Tuner error: {ERR:H2} Stage 1: Zero MCR on hashboards [Address(3)]
2026-04-10T03:08:40.840701Z [ERROR] Tuner error: {ERR:H2} Stage 1: Zero MCR on hashboards [Address(3)]
2026-04-10T03:19:57.746307Z [ERROR] Tuner error: Disabled hashboard 1 {HB:1}: {ERR:I3} no chips detected on the current chain
2026-04-10T03:21:07.334897Z [ERROR] Tuner error: Disabled hashboard 2 {HB:2}: {ERR:I3} no chips detected on the current chain
2026-04-10T04:22:06.896584Z [ERROR] Tuner error: Disabled hashboard 1 {HB:1}: {ERR:I3} no chips detected on the current chain
2026-04-10T04:23:18.436729Z [ERROR] Tuner error: Disabled hashboard 2 {HB:2}: {ERR:I3} no chips detected on the current chain
2026-04-10T04:52:08.376800Z [ERROR] Tuner error: Disabled hashboard 1 {HB:1}: {ERR:I3} no chips detected on the current chain",logs_10_102_0_212_MINER-10-102-0-212.txt
10.102.0.213,0算力,0.000000,算力板全板失效（芯片未检出/初始化失败）,高,网络/矿池连接异常；算力板/芯片异常；总线/通信异常；疑似供电/排线/控制板链路问题,疑似供电/排线/控制板链路问题；网络/矿池连接异常,"断电后重新插拔控制板到三块算力板的数据排线与电源接口；重点检查 HB1/HB2/HB3 是否都出现 no chips detected 或 NoChipsDetected；交叉测试控制板与算力板，确认是控制板链路问题还是算力板损坏；检查 PSU 对算力板供电电压与负载稳定性（是否触发过流保护）；若仍失败，优先更换故障算力板或控制板；当前日志涉及 HB:2,3","2026-04-10T02:36:23.001055Z [ERROR] Tuner error: Disabled hashboard 2 {HB:2}: {ERR:I3} no chips detected on the current chain
2026-04-10T02:37:36.340569Z [ERROR] Tuner error: Disabled hashboard 3 {HB:3}: {ERR:I3} no chips detected on the current chain
2026-04-10T18:22:50.219137Z [ERROR] Tuner error: Disabled hashboard 2 {HB:2}: {ERR:I3} no chips detected on the current chain
2026-04-10T18:24:01.901979Z [ERROR] Tuner error: Disabled hashboard 3 {HB:3}: {ERR:I3} no chips detected on the current chain
2026-04-11T00:55:06.299722Z [ERROR] Tuner error: Disabled hashboard 2 {HB:2}: {ERR:I3} no chips detected on the current chain
2026-04-11T00:56:17.962379Z [ERROR] Tuner error: Disabled hashboard 3 {HB:3}: {ERR:I3} no chips detected on the current chain
2026-04-11T10:17:54.197794Z [ERROR] Tuner error: Disabled hashboard 3 {HB:3}: {ERR:I3} no chips detected on the current chain
2026-04-11T10:19:07.036340Z [ERROR] Tuner error: Disabled hashboard 2 {HB:2}: {ERR:I3} no chips detected on the current chain
2026-03-29T19:42:05.273953Z [ERROR] Tuner error: Disabled hashboard 2 {HB:2}: {ERR:I3} no chips detected on the current chain
2026-03-29T19:43:54.281791Z [ERROR] Tuner error: Disabled hashboard 2 {HB:2}: {ERR:I3} no chips detected on the current chain
2026-03-29T19:45:17.722540Z [ERROR] Tuner error: Disabled hashboard 3 {HB:3}: {ERR:I3} no chips detected on the current chain
2026-03-30T03:22:28.437847Z [ERROR] Tuner error: Disabled hashboard 2 {HB:2}: {ERR:I3} no chips detected on the current chain",logs_10_102_0_213_MINER-10-102-0-213.txt
10.102.0.215,0算力,0.000000,算力板全板失效（芯片未检出/初始化失败）,高,算力板/芯片异常；网络/矿池连接异常；电源异常；疑似供电/排线/控制板链路问题,疑似供电/排线/控制板链路问题；算力板/芯片异常,"断电后重新插拔控制板到三块算力板的数据排线与电源接口；重点检查 HB1/HB2/HB3 是否都出现 no chips detected 或 NoChipsDetected；交叉测试控制板与算力板，确认是控制板链路问题还是算力板损坏；检查 PSU 对算力板供电电压与负载稳定性（是否触发过流保护）；若仍失败，优先更换故障算力板或控制板；当前日志涉及 HB:1,2","2026-04-04T16:58:57.134094Z [ERROR] Tuner error: Disabled hashboard 1 {HB:1}: {ERR:I3} no chips detected on the current chain
2026-04-04T17:00:06.584552Z [ERROR] Tuner error: Disabled hashboard 2 {HB:2}: {ERR:I3} no chips detected on the current chain
2026-04-04T17:01:09.544731Z [ERROR] Tuner error: {ERR:H2} Stage 1: Zero MCR on hashboards [Address(3)]
2026-04-04T17:02:18.392344Z [ERROR] Tuner error: {ERR:H2} Stage 1: Zero MCR on hashboards [Address(3)]
2026-04-04T17:14:03.254696Z [ERROR] Tuner error: Disabled hashboard 1 {HB:1}: {ERR:I3} no chips detected on the current chain
2026-04-04T17:15:11.130111Z [ERROR] Tuner error: Disabled hashboard 2 {HB:2}: {ERR:I3} no chips detected on the current chain
2026-04-04T17:20:20.317475Z [ERROR] Tuner error: Disabled hashboard 1 {HB:1}: {ERR:I3} no chips detected on the current chain
2026-04-04T17:21:31.354716Z [ERROR] Tuner error: Disabled hashboard 2 {HB:2}: {ERR:I3} no chips detected on the current chain
2026-04-04T17:22:37.213706Z [ERROR] Tuner error: {ERR:H2} Stage 1: Zero MCR on hashboards [Address(3)]
2026-04-04T17:23:49.956574Z [ERROR] Tuner error: {ERR:H2} Stage 1: Zero MCR on hashboards [Address(3)]
2026-04-04T17:35:03.999682Z [ERROR] Tuner error: Disabled hashboard 1 {HB:1}: {ERR:I3} no chips detected on the current chain
2026-04-04T17:36:11.876045Z [ERROR] Tuner error: Disabled hashboard 2 {HB:2}: {ERR:I3} no chips detected on the current chain",logs_10_102_0_215_MINER-10-102-0-215.txt
10.102.0.217,0算力,0.000000,算力板全板失效（芯片未检出/初始化失败）,高,算力板/芯片异常；网络/矿池连接异常；总线/通信异常；疑似供电/排线/控制板链路问题,疑似供电/排线/控制板链路问题；算力板/芯片异常,"断电后重新插拔控制板到三块算力板的数据排线与电源接口；重点检查 HB1/HB2/HB3 是否都出现 no chips detected 或 NoChipsDetected；交叉测试控制板与算力板，确认是控制板链路问题还是算力板损坏；检查 PSU 对算力板供电电压与负载稳定性（是否触发过流保护）；若仍失败，优先更换故障算力板或控制板；当前日志涉及 HB:1,2,3","2026-04-10T18:25:47.721348Z [ERROR] Tuner error: Disabled hashboard 1 {HB:1}: {ERR:I3} no chips detected on the current chain
2026-04-10T18:36:49.374798Z [ERROR] Tuner error: Disabled hashboard 1 {HB:1}: {ERR:I3} no chips detected on the current chain
2026-04-10T18:37:59.715651Z [ERROR] Tuner error: Disabled hashboard 2 {HB:2}: {ERR:I3} no chips detected on the current chain
2026-04-10T19:38:57.143126Z [ERROR] Tuner error: Disabled hashboard 1 {HB:1}: {ERR:I3} no chips detected on the current chain
2026-04-10T19:40:26.199123Z [ERROR] Tuner error: Disabled hashboard 2 {HB:2}: {ERR:I3} no chips detected on the current chain
2026-04-10T23:14:25.658231Z [ERROR] Tuner error: Disabled hashboard 1 {HB:1}: {ERR:I3} no chips detected on the current chain
2026-04-10T23:15:52.761205Z [ERROR] Tuner error: Disabled hashboard 2 {HB:2}: {ERR:I3} no chips detected on the current chain
2026-04-10T23:17:59.110281Z [ERROR] Tuner error: Disabled hashboard 3 {HB:3}: {ERR:I3} no chips detected on the current chain
2026-04-10T23:19:58.431283Z [ERROR] Tuner error: Disabled hashboard 1 {HB:1}: {ERR:I3} no chips detected on the current chain
2026-04-10T23:30:58.348099Z [ERROR] Tuner error: Disabled hashboard 1 {HB:1}: {ERR:I3} no chips detected on the current chain
2026-04-10T23:32:31.420476Z [ERROR] Tuner error: Disabled hashboard 2 {HB:2}: {ERR:I3} no chips detected on the current chain
2026-04-11T00:33:31.314249Z [ERROR] Tuner error: Disabled hashboard 1 {HB:1}: {ERR:I3} no chips detected on the current chain",logs_10_102_0_217_MINER-10-102-0-217.txt
10.102.0.219,0算力,0.000000,算力板全板失效（芯片未检出/初始化失败）,高,算力板/芯片异常；网络/矿池连接异常；总线/通信异常；疑似供电/排线/控制板链路问题,疑似供电/排线/控制板链路问题；算力板/芯片异常,"断电后重新插拔控制板到三块算力板的数据排线与电源接口；重点检查 HB1/HB2/HB3 是否都出现 no chips detected 或 NoChipsDetected；交叉测试控制板与算力板，确认是控制板链路问题还是算力板损坏；检查 PSU 对算力板供电电压与负载稳定性（是否触发过流保护）；若仍失败，优先更换故障算力板或控制板；当前日志涉及 HB:1,2","2026-04-10T13:07:40.727892Z [ERROR] Tuner error: Disabled hashboard 1 {HB:1}: {ERR:I3} no chips detected on the current chain
2026-04-10T13:08:51.785908Z [ERROR] Tuner error: Disabled hashboard 2 {HB:2}: {ERR:I3} no chips detected on the current chain
2026-04-10T18:20:05.383938Z [ERROR] Tuner error: Disabled hashboard 1 {HB:1}: {ERR:I3} no chips detected on the current chain
2026-04-10T18:21:28.839944Z [ERROR] Tuner error: Disabled hashboard 2 {HB:2}: {ERR:I3} no chips detected on the current chain
2026-04-10T18:22:38.095570Z [ERROR] Tuner error: {ERR:H2} Stage 1: Zero MCR on hashboards [Address(3)]
2026-04-10T18:24:55.674824Z [ERROR] Tuner error: {ERR:H2} Stage 1: Zero MCR on hashboards [Address(3)]
2026-04-10T18:36:10.393761Z [ERROR] Tuner error: Disabled hashboard 1 {HB:1}: {ERR:I3} no chips detected on the current chain
2026-04-10T18:37:29.586263Z [ERROR] Tuner error: Disabled hashboard 2 {HB:2}: {ERR:I3} no chips detected on the current chain
2026-04-10T19:38:29.479825Z [ERROR] Tuner error: Disabled hashboard 1 {HB:1}: {ERR:I3} no chips detected on the current chain
2026-04-10T19:39:49.206298Z [ERROR] Tuner error: Disabled hashboard 2 {HB:2}: {ERR:I3} no chips detected on the current chain
2026-04-11T02:34:35.508786Z [ERROR] Tuner error: Disabled hashboard 1 {HB:1}: {ERR:I3} no chips detected on the current chain
2026-04-11T02:35:43.429464Z [ERROR] Tuner error: Disabled hashboard 2 {HB:2}: {ERR:I3} no chips detected on the current chain",logs_10_102_0_219_MINER-10-102-0-219.txt
10.102.0.221,0算力,0.000000,限电/策略休眠（Curtailment Sleep）,高,退出休眠后若仍断连，再排查矿池/网络,退出休眠后若仍断连，再排查矿池/网络,在 LuxOS/矿场管理端或 API 来源处确认是否下发了 curtail/sleep 或限电策略；若需恢复挖矿：将 CurtailMode 改为非 Sleep，或取消对应限电/休眠任务；退出休眠后等待矿池重连，观察 SUMMARY/DEVS 是否从 Dead 恢复为正常；若恢复后仍无算力或矿池反复断连，再单独排查网络与矿池配置,"2026-04-12T03:37:38.217032Z [INFO] Skipping group connection due to curtailment
2026-04-12T03:37:38.229589Z [INFO] Skipping group connection due to curtailment
2026-04-12T03:37:56.258331Z [INFO] Fan status changes:
2026-04-12T03:37:57.264768Z [INFO] Fan status changes:
2026-04-12T03:38:03.283673Z [INFO] Fan status changes:
2026-04-12T03:38:04.286933Z [INFO] Fan status changes:
2026-04-12T03:38:07.297440Z [INFO] Fan status changes:
2026-04-12T03:38:08.300905Z [INFO] Fan status changes:
2026-04-12T03:38:14.322662Z [INFO] Fan status changes:
2026-04-12T03:38:15.325795Z [INFO] Fan status changes:
2026-04-12T03:38:31.375642Z [INFO] Fan status changes:
2026-04-12T03:38:32.379074Z [INFO] Fan status changes:",logs_10_102_0_221_MINER-10-102-0-221.txt
10.102.0.222,0算力,0.000000,限电/策略休眠（Curtailment Sleep）,高,退出休眠后若仍断连，再排查矿池/网络,退出休眠后若仍断连，再排查矿池/网络,在 LuxOS/矿场管理端或 API 来源处确认是否下发了 curtail/sleep 或限电策略；若需恢复挖矿：将 CurtailMode 改为非 Sleep，或取消对应限电/休眠任务；退出休眠后等待矿池重连，观察 SUMMARY/DEVS 是否从 Dead 恢复为正常；若恢复后仍无算力或矿池反复断连，再单独排查网络与矿池配置,"2026-04-11T23:27:28.669933Z [INFO] Received API command: curtail, params=eSm7ZCDJ,sleep
2026-04-11T23:27:28.685909Z [INFO] Skipping group connection due to curtailment
2026-04-11T23:27:28.686155Z [INFO] Skipping group connection due to curtailment
+ curtailment_mode = ""sleep""
2026-04-12T00:07:24.651039Z [INFO] Received API command: curtail, params=JwR6yoAM,wakeup
- curtailment_mode = ""sleep""
2026-04-12T01:42:16.396464Z [INFO] Received API command: curtail, params=Av8GxRs2,sleep
2026-04-12T01:42:16.401246Z [INFO] Skipping group connection due to curtailment
2026-04-12T01:42:16.401911Z [INFO] Skipping group connection due to curtailment
+ curtailment_mode = ""sleep""
2026-04-12T02:25:32.548156Z [WARN] Temperature Sensor Read Failed
2026-04-12T02:25:34.143532Z [WARN] Temperature Sensor Read Failed",logs_10_102_0_222_MINER-10-102-0-222.txt
10.102.0.223,0算力,0.000000,限电/策略休眠（Curtailment Sleep）,高,退出休眠后若仍断连，再排查矿池/网络,退出休眠后若仍断连，再排查矿池/网络,在 LuxOS/矿场管理端或 API 来源处确认是否下发了 curtail/sleep 或限电策略；若需恢复挖矿：将 CurtailMode 改为非 Sleep，或取消对应限电/休眠任务；退出休眠后等待矿池重连，观察 SUMMARY/DEVS 是否从 Dead 恢复为正常；若恢复后仍无算力或矿池反复断连，再单独排查网络与矿池配置,"2026-04-12T07:05:22.011512Z [WARN] Temperature Sensor Read Failed
2026-04-12T07:05:23.608607Z [WARN] Temperature Sensor Read Failed
2026-04-12T07:05:25.208220Z [WARN] Temperature Sensor Read Failed
2026-04-12T07:05:25.299487Z [WARN] Temperature Sensor Read Failed
2026-04-12T07:05:25.390998Z [WARN] Temperature Sensor Read Failed
2026-04-12T07:05:27.016606Z [WARN] Temperature Sensor Read Failed
2026-04-12T07:05:27.107856Z [WARN] Temperature Sensor Read Failed
2026-04-12T07:05:27.199579Z [WARN] Temperature Sensor Read Failed
2026-04-12T07:05:28.792569Z [WARN] Temperature Sensor Read Failed
2026-04-12T07:05:28.883835Z [WARN] Temperature Sensor Read Failed
2026-04-12T07:05:28.975148Z [WARN] Temperature Sensor Read Failed
2026-04-12T07:05:29.066396Z [WARN] Temperature Sensor Read Failed",logs_10_102_0_223_MINER-10-102-0-223.txt
10.102.0.224,0算力,0.000000,算力板芯片枚举不足（Hashchip 与 110 不符，已被禁用）,高,网络/矿池连接异常；算力板/芯片异常；多链芯片响应不足或无法通信，Tuner 已禁用对应算力板；优先重插排线/换槽位，仍失败则更换板卡；PSU I²C 校验失败可为次要因素，多在板卡与链路确认后再复测电源通信,多链芯片响应不足或无法通信，Tuner 已禁用对应算力板；优先重插排线/换槽位，仍失败则更换板卡；PSU I²C 校验失败可为次要因素，多在板卡与链路确认后再复测电源通信；算力板/芯片异常,"根据 Tuner error / CHAIN 日志确认 {HB:n} 与「number of responses … doesn't match chip count 110」对应链；断电后重插故障板数据排线与电源接口；与正常链互换槽位判断是板卡还是槽位/控制板；仅一链正常时总算力约为额定三分之一属常见现象；PSU I²C checksum 异常多为次要，板卡稳定后再复测电源；若某链长期 0 响应或响应数远低于 110，按算力板硬件损坏或通信链路故障处理，更换板卡或送修；当前日志涉及 HB:1,2","2026-04-11T10:17:49.969376Z [ERROR] Tuner error: Disabled hashboard 1 {HB:1}: {ERR:I3} no chips detected on the current chain
2026-04-11T10:19:01.802711Z [ERROR] Tuner error: Disabled hashboard 2 {HB:2}: {ERR:I3} no chips detected on the current chain
2026-04-12T00:08:04.967922Z [ERROR] Tuner error: {ERR:H2} Stage 1: Zero MCR on hashboards [Address(3)]
2026-04-12T00:09:19.218953Z [ERROR] Tuner error: {ERR:H2} Stage 1: Zero MCR on hashboards [Address(3)]
2026-04-12T00:10:48.569334Z [ERROR] Tuner error: {ERR:H2} Stage 1: Zero MCR on hashboards [Address(3)]
2026-04-12T00:13:00.704961Z [ERROR] Tuner error: {ERR:H2} Stage 1: Zero MCR on hashboards [Address(3)]
2026-04-12T00:24:16.559251Z [ERROR] Tuner error: Disabled hashboard 1 {HB:1}: {ERR:I3} no chips detected on the current chain
2026-04-12T00:25:24.468051Z [ERROR] Tuner error: Disabled hashboard 2 {HB:2}: {ERR:I3} no chips detected on the current chain
2026-04-12T01:26:23.722233Z [ERROR] Tuner error: Disabled hashboard 1 {HB:1}: {ERR:I3} no chips detected on the current chain
2026-04-12T01:27:33.276179Z [ERROR] Tuner error: Disabled hashboard 2 {HB:2}: {ERR:I3} no chips detected on the current chain
========== errors（错误） ==========
2026-04-10T21:24:42.237070Z [ERROR] Failed to resolve (""btc.poolbinance.com"", 1800)",logs_10_102_0_224_MINER-10-102-0-224.txt
10.102.0.225,0算力,0.000000,算力板部分失效（芯片数量严重不足）,高,网络/矿池连接异常；算力板/芯片异常,网络/矿池连接异常；算力板/芯片异常,定位异常算力板并单板测试；检查该板排线、供电及散热状态；复位或升级固件后复测芯片识别数量；若芯片长期缺失，安排维修或更换算力板；当前日志涉及 HB:3,"2026-03-29T19:42:06.206952Z [ERROR] Tuner error: Disabled hashboard 3 {HB:3}: {ERR:I3} no chips detected on the current chain
2026-03-29T19:43:55.360863Z [ERROR] Tuner error: Disabled hashboard 3 {HB:3}: {ERR:I3} no chips detected on the current chain
2026-03-30T03:22:25.409554Z [ERROR] Tuner error: Disabled hashboard 3 {HB:3}: {ERR:I3} no chips detected on the current chain
2026-03-31T18:07:24.986245Z [ERROR] Tuner error: Disabled hashboard 3 {HB:3}: {ERR:I3} no chips detected on the current chain
2026-04-02T03:34:43.508154Z [ERROR] Tuner error: {ERR:H2} Stage 1: Zero MCR on hashboards [Address(2)]
2026-04-02T16:24:44.898967Z [ERROR] Tuner error: Disabled hashboard 3 {HB:3}: {ERR:I3} no chips detected on the current chain
2026-04-03T14:00:17.395584Z [ERROR] Tuner error: Disabled hashboard 3 {HB:3}: {ERR:I3} no chips detected on the current chain
2026-04-06T21:29:42.387051Z [ERROR] Tuner error: Disabled hashboard 3 {HB:3}: {ERR:I3} no chips detected on the current chain
2026-04-07T08:26:18.033275Z [ERROR] Tuner error: Disabled hashboard 3 {HB:3}: {ERR:I3} no chips detected on the current chain
2026-04-07T21:15:50.474383Z [ERROR] Tuner error: Disabled hashboard 3 {HB:3}: {ERR:I3} no chips detected on the current chain
2026-04-10T02:36:30.439667Z [ERROR] Tuner error: Disabled hashboard 3 {HB:3}: {ERR:I3} no chips detected on the current chain
2026-04-10T18:22:22.135967Z [ERROR] Tuner error: Disabled hashboard 3 {HB:3}: {ERR:I3} no chips detected on the current chain",logs_10_102_0_225_MINER-10-102-0-225.txt
10.102.0.226,0算力,0.000000,算力板芯片枚举不足（Hashchip 与 110 不符，已被禁用）,高,算力板/芯片异常；网络/矿池连接异常；多链芯片响应不足或无法通信，Tuner 已禁用对应算力板；优先重插排线/换槽位，仍失败则更换板卡；PSU I²C 校验失败可为次要因素，多在板卡与链路确认后再复测电源通信,多链芯片响应不足或无法通信，Tuner 已禁用对应算力板；优先重插排线/换槽位，仍失败则更换板卡；PSU I²C 校验失败可为次要因素，多在板卡与链路确认后再复测电源通信；算力板/芯片异常,"根据 Tuner error / CHAIN 日志确认 {HB:n} 与「number of responses … doesn't match chip count 110」对应链；断电后重插故障板数据排线与电源接口；与正常链互换槽位判断是板卡还是槽位/控制板；仅一链正常时总算力约为额定三分之一属常见现象；PSU I²C checksum 异常多为次要，板卡稳定后再复测电源；若某链长期 0 响应或响应数远低于 110，按算力板硬件损坏或通信链路故障处理，更换板卡或送修；当前日志涉及 HB:1,2,3","2026-04-12T01:26:36.906547Z [ERROR] Tuner error: Disabled hashboard 2 {HB:2}: Hashchip: number of responses 0 of read_register(reg=0x0) doesn't match chip count 110: reply 0x0 missing
2026-04-02T14:52:53.148388Z [ERROR] Tuner error: Disabled hashboard 1 {HB:1}: Hashchip: number of responses 44 of read_register(reg=0x0) doesn't match chip count 110: reply 0x58 missing
2026-04-02T14:54:03.983796Z [ERROR] Tuner error: Disabled hashboard 2 {HB:2}: Hashchip: number of responses 0 of read_register(reg=0x0) doesn't match chip count 110: reply 0x0 missing
2026-04-02T16:24:59.873606Z [ERROR] Tuner error: Disabled hashboard 1 {HB:1}: Hashchip: number of responses 44 of read_register(reg=0x0) doesn't match chip count 110: reply 0x58 missing
2026-04-02T16:26:19.847530Z [ERROR] Tuner error: Disabled hashboard 2 {HB:2}: Hashchip: number of responses 0 of read_register(reg=0x0) doesn't match chip count 110: reply 0x0 missing
2026-04-02T16:56:46.079211Z [ERROR] Tuner error: Disabled hashboard 1 {HB:1}: Hashchip: number of responses 44 of read_register(reg=0x0) doesn't match chip count 110: reply 0x58 missing
2026-04-02T16:58:06.662207Z [ERROR] Tuner error: Disabled hashboard 2 {HB:2}: Hashchip: number of responses 0 of read_register(reg=0x0) doesn't match chip count 110: reply 0x0 missing
2026-04-02T19:45:08.731764Z [ERROR] Tuner error: Disabled hashboard 1 {HB:1}: Hashchip: number of responses 44 of read_register(reg=0x0) doesn't match chip count 110: reply 0x58 missing
2026-04-02T19:46:29.250321Z [ERROR] Tuner error: Disabled hashboard 2 {HB:2}: Hashchip: number of responses 0 of read_register(reg=0x0) doesn't match chip count 110: reply 0x0 missing
2026-04-03T13:58:50.691352Z [ERROR] Tuner error: Disabled hashboard 1 {HB:1}: Hashchip: number of responses 31 of read_register(reg=0x0) doesn't match chip count 110: reply 0x3e missing
2026-04-03T13:59:58.598500Z [ERROR] Tuner error: Disabled hashboard 2 {HB:2}: Hashchip: number of responses 0 of read_register(reg=0x0) doesn't match chip count 110: reply 0x0 missing
2026-04-04T19:19:07.416609Z [ERROR] Tuner error: Disabled hashboard 1 {HB:1}: Hashchip: number of responses 31 of read_register(reg=0x0) doesn't match chip count 110: reply 0x3e missing",logs_10_102_0_226_MINER-10-102-0-226.txt
10.102.0.227,0算力,0.000000,算力板严重异常（芯片识别/通信错误，NoPIC 可能无法单禁板）,高,算力板/芯片异常；网络/矿池连接异常；若混有较早的 Failed to resolve，通常与当前 tuner 禁板无直接关系，以 HB 报错为主,若混有较早的 Failed to resolve，通常与当前 tuner 禁板无直接关系，以 HB 报错为主,"关注 Tuner 报错：如 detected … chips 远超 110、unexpected revision、ERR:I1/I2，多为该板通信或硬件损坏；断电后重插故障 HB 对应算力板排线与供电；与正常板互换槽位判断是板还是接口；NoPIC 机型可能无法单独禁用故障板，整机可能无法继续挖矿，需先修复或更换该板；若混有历史 Failed to resolve，以导出时间附近 tuner/hashboard 报错为准；矿池 Alive 不等于当前无板级故障；当前日志涉及 HB:2,3","2026-04-06T23:36:20.503594Z [ERROR] Tuner error: Disabled hashboard 2 {HB:2}: {ERR:I3} no chips detected on the current chain
2026-04-06T23:37:33.829056Z [ERROR] Tuner error: Disabled hashboard 3 {HB:3}: {ERR:I3} no chips detected on the current chain
2026-04-07T08:26:11.141699Z [ERROR] Tuner error: Disabled hashboard 2 {HB:2}: {ERR:I3} no chips detected on the current chain
2026-04-07T08:27:20.713906Z [ERROR] Tuner error: Disabled hashboard 3 {HB:3}: {ERR:I3} no chips detected on the current chain
2026-04-07T21:10:09.550613Z [ERROR] Tuner error: Disabled hashboard 2 {HB:2}: {ERR:I3} no chips detected on the current chain
2026-04-07T21:11:22.755994Z [ERROR] Tuner error: Disabled hashboard 3 {HB:3}: {ERR:I3} no chips detected on the current chain
2026-04-07T21:15:03.437697Z [ERROR] Tuner error: Disabled hashboard 2 {HB:2}: {ERR:I3} no chips detected on the current chain
2026-04-07T21:16:13.020805Z [ERROR] Tuner error: Disabled hashboard 3 {HB:3}: {ERR:I3} no chips detected on the current chain
2026-04-10T02:36:16.670430Z [ERROR] Tuner error: Disabled hashboard 2 {HB:2}: {ERR:I3} no chips detected on the current chain
2026-04-10T02:37:28.309317Z [ERROR] Tuner error: Disabled hashboard 3 {HB:3}: {ERR:I1} unexpected revision of chip 1 (expected: 0x1366 received: 0x0)
2026-04-10T18:21:45.049201Z [ERROR] Tuner error: Disabled hashboard 2 {HB:2}: {ERR:I3} no chips detected on the current chain
2026-04-10T18:22:56.725518Z [ERROR] Tuner error: Disabled hashboard 3 {HB:3}: {ERR:I3} no chips detected on the current chain",logs_10_102_0_227_MINER-10-102-0-227.txt
10.102.0.228,0算力,0.000000,限电/策略休眠（Curtailment Sleep）,高,退出休眠后若仍断连，再排查矿池/网络,退出休眠后若仍断连，再排查矿池/网络,在 LuxOS/矿场管理端或 API 来源处确认是否下发了 curtail/sleep 或限电策略；若需恢复挖矿：将 CurtailMode 改为非 Sleep，或取消对应限电/休眠任务；退出休眠后等待矿池重连，观察 SUMMARY/DEVS 是否从 Dead 恢复为正常；若恢复后仍无算力或矿池反复断连，再单独排查网络与矿池配置,"2026-04-11T23:59:56.043022Z [WARN] Temperature Sensor Read Failed
2026-04-12T00:00:02.189184Z [WARN] Temperature Sensor Read Failed
2026-04-12T00:00:05.296210Z [WARN] Temperature Sensor Read Failed
2026-04-12T00:00:11.412227Z [WARN] Temperature Sensor Read Failed
2026-04-12T00:00:43.239949Z [WARN] Temperature Sensor Read Failed
2026-04-12T00:00:53.878968Z [WARN] Temperature Sensor Read Failed
2026-04-12T00:00:55.478334Z [WARN] Temperature Sensor Read Failed
2026-04-12T00:03:47.368676Z [WARN] Temperature Sensor Read Failed
2026-04-12T00:03:48.965803Z [WARN] Temperature Sensor Read Failed
2026-04-12T00:03:50.563173Z [WARN] Temperature Sensor Read Failed
2026-04-12T00:04:20.818514Z [WARN] Temperature Sensor Read Failed
2026-04-12T00:04:45.056625Z [WARN] Temperature Sensor Read Failed",logs_10_102_0_228_MINER-10-102-0-228.txt
10.102.0.229,0算力,0.000000,限电/策略休眠（Curtailment Sleep）,高,退出休眠后若仍断连，再排查矿池/网络,退出休眠后若仍断连，再排查矿池/网络,在 LuxOS/矿场管理端或 API 来源处确认是否下发了 curtail/sleep 或限电策略；若需恢复挖矿：将 CurtailMode 改为非 Sleep，或取消对应限电/休眠任务；退出休眠后等待矿池重连，观察 SUMMARY/DEVS 是否从 Dead 恢复为正常；若恢复后仍无算力或矿池反复断连，再单独排查网络与矿池配置,"2026-04-11T23:27:28.766300Z [INFO] Received API command: curtail, params=FUdmtWd6,sleep
2026-04-11T23:27:28.783357Z [INFO] Skipping group connection due to curtailment
2026-04-11T23:27:28.783364Z [INFO] Skipping group connection due to curtailment
+ curtailment_mode = ""sleep""
2026-04-11T23:57:17.800368Z [INFO] Received API command: curtail, params=CipzQX7v,wakeup
- curtailment_mode = ""sleep""
2026-04-11T23:57:22.463764Z [ERROR] Initialization of hashboard failed
2026-04-11T23:57:22.555301Z [WARN] Rebooting board; automatic start scheduled [enumeration_reboot, 1/5 - asic enumeration failure]
2026-04-11T23:57:45.816284Z [ERROR] XXXXXXXX reading empty work return fifo!!. Simulating with 0.
2026-04-11T23:58:02.923845Z [ERROR] Error reading chip PLL
2026-04-11T23:58:13.719542Z [ERROR] Error reading chip PLL
2026-04-11T23:58:24.488518Z [ERROR] Error reading chip PLL",logs_10_102_0_229_MINER-10-102-0-229.txt
10.102.0.237,0算力,0.000000,算力板严重异常（芯片识别/通信错误，NoPIC 可能无法单禁板）,高,算力板/芯片异常；网络/矿池连接异常；若混有较早的 Failed to resolve，通常与当前 tuner 禁板无直接关系，以 HB 报错为主,若混有较早的 Failed to resolve，通常与当前 tuner 禁板无直接关系，以 HB 报错为主,"关注 Tuner 报错：如 detected … chips 远超 110、unexpected revision、ERR:I1/I2，多为该板通信或硬件损坏；断电后重插故障 HB 对应算力板排线与供电；与正常板互换槽位判断是板还是接口；NoPIC 机型可能无法单独禁用故障板，整机可能无法继续挖矿，需先修复或更换该板；若混有历史 Failed to resolve，以导出时间附近 tuner/hashboard 报错为准；矿池 Alive 不等于当前无板级故障；当前日志涉及 HB:1,3","2026-04-02T22:54:16.214241Z [ERROR] Tuner error: {ERR:H2} Stage 13: Zero MCR on hashboards [Address(2)]
2026-04-02T23:07:52.134770Z [ERROR] Tuner error: {ERR:H2} Stage 9: Zero MCR on hashboards [Address(2)]
2026-04-02T23:25:00.239831Z [ERROR] Tuner error: Disabled hashboard 1 {HB:1}: {ERR:I3} no chips detected on the current chain
2026-04-03T14:00:10.074971Z [ERROR] Tuner error: Disabled hashboard 1 {HB:1}: {ERR:I3} no chips detected on the current chain
2026-04-04T06:10:46.398872Z [ERROR] Tuner error: Disabled hashboard 1 {HB:1}: {ERR:I3} no chips detected on the current chain
2026-04-04T16:59:27.152655Z [ERROR] Tuner error: Disabled hashboard 1 {HB:1}: {ERR:I3} no chips detected on the current chain
2026-04-04T17:20:51.686853Z [ERROR] Tuner error: Disabled hashboard 1 {HB:1}: {ERR:I3} no chips detected on the current chain
2026-04-04T17:44:37.989186Z [ERROR] Tuner error: Disabled hashboard 1 {HB:1}: {ERR:I3} no chips detected on the current chain
2026-04-04T18:15:03.068270Z [ERROR] Tuner error: Disabled hashboard 1 {HB:1}: {ERR:I3} no chips detected on the current chain
2026-04-04T19:18:32.383696Z [ERROR] Tuner error: Disabled hashboard 1 {HB:1}: {ERR:I3} no chips detected on the current chain
2026-04-04T19:52:20.252379Z [ERROR] Tuner error: Disabled hashboard 1 {HB:1}: {ERR:I3} no chips detected on the current chain
2026-04-04T23:48:12.866175Z [ERROR] Tuner error: Disabled hashboard 1 {HB:1}: {ERR:I3} no chips detected on the current chain",logs_10_102_0_237_MINER-10-102-0-237.txt
10.102.0.242,0算力,0.000000,算力板全板失效（芯片未检出/初始化失败）,高,网络/矿池连接异常；算力板/芯片异常；疑似供电/排线/控制板链路问题,疑似供电/排线/控制板链路问题；网络/矿池连接异常,"断电后重新插拔控制板到三块算力板的数据排线与电源接口；重点检查 HB1/HB2/HB3 是否都出现 no chips detected 或 NoChipsDetected；交叉测试控制板与算力板，确认是控制板链路问题还是算力板损坏；检查 PSU 对算力板供电电压与负载稳定性（是否触发过流保护）；若仍失败，优先更换故障算力板或控制板；当前日志涉及 HB:2,3","2026-04-07T21:16:29.940920Z [ERROR] Tuner error: Disabled hashboard 3 {HB:3}: {ERR:I3} no chips detected on the current chain
2026-04-10T02:36:21.906217Z [ERROR] Tuner error: Disabled hashboard 2 {HB:2}: {ERR:I3} no chips detected on the current chain
2026-04-10T02:37:29.839041Z [ERROR] Tuner error: Disabled hashboard 3 {HB:3}: {ERR:I3} no chips detected on the current chain
2026-04-10T18:22:15.605057Z [ERROR] Tuner error: Disabled hashboard 2 {HB:2}: {ERR:I3} no chips detected on the current chain
2026-04-10T18:23:23.537552Z [ERROR] Tuner error: Disabled hashboard 3 {HB:3}: {ERR:I3} no chips detected on the current chain
2026-04-11T00:55:07.831593Z [ERROR] Tuner error: Disabled hashboard 2 {HB:2}: {ERR:I3} no chips detected on the current chain
2026-04-11T00:56:15.747418Z [ERROR] Tuner error: Disabled hashboard 3 {HB:3}: {ERR:I3} no chips detected on the current chain
2026-04-11T10:17:46.101400Z [ERROR] Tuner error: Disabled hashboard 2 {HB:2}: {ERR:I3} no chips detected on the current chain
2026-04-11T10:18:54.020746Z [ERROR] Tuner error: Disabled hashboard 3 {HB:3}: {ERR:I3} no chips detected on the current chain
2026-03-29T19:41:45.716718Z [ERROR] Tuner error: Disabled hashboard 3 {HB:3}: {ERR:I3} no chips detected on the current chain
2026-03-29T19:44:04.955828Z [ERROR] Tuner error: Disabled hashboard 3 {HB:3}: {ERR:I3} no chips detected on the current chain
2026-03-30T03:21:53.965319Z [ERROR] Tuner error: Disabled hashboard 3 {HB:3}: {ERR:I3} no chips detected on the current chain",logs_10_102_0_242_MINER-10-102-0-242.txt
10.102.0.244,0算力,0.000000,算力板芯片枚举不足（Hashchip 与 110 不符，已被禁用）,高,网络/矿池连接异常；算力板/芯片异常；多链芯片响应不足或无法通信，Tuner 已禁用对应算力板；优先重插排线/换槽位，仍失败则更换板卡；PSU I²C 校验失败可为次要因素，多在板卡与链路确认后再复测电源通信,多链芯片响应不足或无法通信，Tuner 已禁用对应算力板；优先重插排线/换槽位，仍失败则更换板卡；PSU I²C 校验失败可为次要因素，多在板卡与链路确认后再复测电源通信；算力板/芯片异常,"根据 Tuner error / CHAIN 日志确认 {HB:n} 与「number of responses … doesn't match chip count 110」对应链；断电后重插故障板数据排线与电源接口；与正常链互换槽位判断是板卡还是槽位/控制板；仅一链正常时总算力约为额定三分之一属常见现象；PSU I²C checksum 异常多为次要，板卡稳定后再复测电源；若某链长期 0 响应或响应数远低于 110，按算力板硬件损坏或通信链路故障处理，更换板卡或送修；当前日志涉及 HB:1,2","2026-04-04T19:19:12.720482Z [ERROR] {ERR:E3} Reading hashboard EEPROM at address 2: No such device or address (os error 6)
2026-04-04T19:19:17.959985Z [ERROR] {ERR:E3} Reading hashboard EEPROM at address 2: No such device or address (os error 6)
2026-04-04T19:19:23.200011Z [ERROR] {ERR:E3} Reading hashboard EEPROM at address 2: No such device or address (os error 6)
2026-04-04T19:19:28.440665Z [ERROR] {ERR:E3} Reading hashboard EEPROM at address 2: No such device or address (os error 6)
2026-04-04T19:19:33.677445Z [ERROR] {ERR:E3} Reading hashboard EEPROM at address 2: No such device or address (os error 6)
2026-04-04T19:19:38.920569Z [ERROR] {ERR:E3} Reading hashboard EEPROM at address 2: No such device or address (os error 6)
2026-04-04T19:19:44.160976Z [ERROR] {ERR:E3} Reading hashboard EEPROM at address 2: No such device or address (os error 6)
2026-04-04T19:19:49.402023Z [ERROR] {ERR:E3} Reading hashboard EEPROM at address 2: No such device or address (os error 6)
2026-04-04T19:19:54.640269Z [ERROR] {ERR:E3} Reading hashboard EEPROM at address 2: No such device or address (os error 6)
2026-04-04T19:19:59.880515Z [ERROR] {ERR:E3} Reading hashboard EEPROM at address 2: No such device or address (os error 6)
2026-04-04T19:20:05.120870Z [ERROR] {ERR:E3} Reading hashboard EEPROM at address 2: No such device or address (os error 6)
2026-04-04T19:20:10.370194Z [ERROR] {ERR:E3} Reading hashboard EEPROM at address 2: No such device or address (os error 6)",logs_10_102_0_244_MINER-10-102-0-244.txt
10.102.0.249,0算力,0.000000,算力板全板失效（芯片未检出/初始化失败）,高,网络/矿池连接异常；算力板/芯片异常；疑似供电/排线/控制板链路问题,疑似供电/排线/控制板链路问题；网络/矿池连接异常,"断电后重新插拔控制板到三块算力板的数据排线与电源接口；重点检查 HB1/HB2/HB3 是否都出现 no chips detected 或 NoChipsDetected；交叉测试控制板与算力板，确认是控制板链路问题还是算力板损坏；检查 PSU 对算力板供电电压与负载稳定性（是否触发过流保护）；若仍失败，优先更换故障算力板或控制板；当前日志涉及 HB:2,3","2026-03-29T19:41:48.270612Z [ERROR] Tuner error: Disabled hashboard 3 {HB:3}: {ERR:I3} no chips detected on the current chain
2026-03-29T19:44:07.276733Z [ERROR] Tuner error: Disabled hashboard 3 {HB:3}: {ERR:I3} no chips detected on the current chain
2026-03-30T03:22:24.573079Z [ERROR] Tuner error: Disabled hashboard 3 {HB:3}: {ERR:I3} no chips detected on the current chain
2026-03-30T21:51:22.311294Z [ERROR] Tuner error: Disabled hashboard 3 {HB:3}: {ERR:I3} no chips detected on the current chain
2026-03-30T23:54:05.235543Z [ERROR] Tuner error: Disabled hashboard 3 {HB:3}: {ERR:I3} no chips detected on the current chain
2026-03-31T18:07:09.813130Z [ERROR] Tuner error: Disabled hashboard 3 {HB:3}: {ERR:I3} no chips detected on the current chain
2026-04-02T05:58:22.587637Z [ERROR] Tuner error: Disabled hashboard 2 {HB:2}: {ERR:I3} no chips detected on the current chain
2026-04-02T05:59:30.772056Z [ERROR] Tuner error: Disabled hashboard 3 {HB:3}: {ERR:I3} no chips detected on the current chain
2026-04-02T16:24:35.485274Z [ERROR] Tuner error: Disabled hashboard 2 {HB:2}: {ERR:I3} no chips detected on the current chain
2026-04-02T16:26:14.711031Z [ERROR] Tuner error: Disabled hashboard 3 {HB:3}: {ERR:I3} no chips detected on the current chain
2026-04-02T19:44:33.073454Z [ERROR] Tuner error: Disabled hashboard 2 {HB:2}: {ERR:I3} no chips detected on the current chain
2026-04-02T19:46:11.800770Z [ERROR] Tuner error: Disabled hashboard 3 {HB:3}: {ERR:I3} no chips detected on the current chain",logs_10_102_0_249_MINER-10-102-0-249.txt
10.102.0.254,0算力,0.000000,多块算力板故障致 SOC 停机（芯片数严重不足/CRC）,高,总线/通信异常；日志中「power off hashboard」为关断算力板动作，勿与 PSU 模块故障混淆,日志中「power off hashboard」为关断算力板动作，勿与 PSU 模块故障混淆,日志中若多条 Chain 出现「only find … asic」远低于 110，且伴随 ERROR_SOC_INIT，多为多块板同时异常；分别检查各故障链的排线、供电接口；与正常链交叉换槽位判断是板还是槽位/控制板；确认 PSU 各组输出是否稳定，但勿将「power off hashboard」误判为 PSU 本体损坏；必要时逐板更换或送修；若固件支持可尝试仅启用健康链临时恢复部分算力,"2026-04-10 18:20:39 load chain 0 eeprom data
2026-04-10 18:20:39 load chain 1 eeprom data
2026-04-10 18:20:40 load chain 2 eeprom data
2026-04-10 18:20:40 eeprom load ret:0
2026-04-10 18:20:40 eeprom load levels
2026-04-10 18:20:44 Wait for hashboard cool, please wait, this may take up to 2 minutes...
2026-04-11 07:44:07 !!! reg crc error
2026-04-11 12:42:55 load chain 0 eeprom data
2026-04-11 12:42:55 load chain 1 eeprom data
2026-04-11 12:42:56 load chain 2 eeprom data
2026-04-11 12:42:56 eeprom load ret:0
2026-04-11 12:42:56 eeprom load levels",logs_10_102_0_254_MINER-10-102-0-254.txt
10.102.1.13,0算力,0.000000,算力板严重异常（芯片识别/通信错误，NoPIC 可能无法单禁板）,高,算力板/芯片异常；网络/矿池连接异常；若混有较早的 Failed to resolve，通常与当前 tuner 禁板无直接关系，以 HB 报错为主,若混有较早的 Failed to resolve，通常与当前 tuner 禁板无直接关系，以 HB 报错为主,"关注 Tuner 报错：如 detected … chips 远超 110、unexpected revision、ERR:I1/I2，多为该板通信或硬件损坏；断电后重插故障 HB 对应算力板排线与供电；与正常板互换槽位判断是板还是接口；NoPIC 机型可能无法单独禁用故障板，整机可能无法继续挖矿，需先修复或更换该板；若混有历史 Failed to resolve，以导出时间附近 tuner/hashboard 报错为准；矿池 Alive 不等于当前无板级故障；当前日志涉及 HB:1,2,3","2026-04-10T03:08:22.550860Z [ERROR] Tuner error: Disabled hashboard 1 {HB:1}: {ERR:I3} no chips detected on the current chain
2026-04-10T03:19:24.944391Z [ERROR] Tuner error: Disabled hashboard 1 {HB:1}: {ERR:I3} no chips detected on the current chain
2026-04-10T03:20:32.625868Z [ERROR] Tuner error: Disabled hashboard 2 {HB:2}: {ERR:I3} no chips detected on the current chain
2026-04-10T04:21:31.608530Z [ERROR] Tuner error: Disabled hashboard 1 {HB:1}: {ERR:I3} no chips detected on the current chain
2026-04-10T04:22:39.026248Z [ERROR] Tuner error: Disabled hashboard 2 {HB:2}: {ERR:I3} no chips detected on the current chain
2026-04-10T04:52:06.274639Z [ERROR] Tuner error: Disabled hashboard 1 {HB:1}: {ERR:I3} no chips detected on the current chain
2026-04-10T04:53:15.324960Z [ERROR] Tuner error: Disabled hashboard 2 {HB:2}: {ERR:I3} no chips detected on the current chain
2026-04-10T04:54:23.603345Z [ERROR] Tuner error: Disabled hashboard 3 {HB:3}: {ERR:I3} no chips detected on the current chain
2026-04-10T04:55:35.143724Z [ERROR] Tuner error: Disabled hashboard 1 {HB:1}: {ERR:I3} no chips detected on the current chain
2026-04-10T05:06:32.573669Z [ERROR] Tuner error: Disabled hashboard 1 {HB:1}: {ERR:I3} no chips detected on the current chain
2026-04-10T05:07:41.622950Z [ERROR] Tuner error: Disabled hashboard 2 {HB:2}: {ERR:I3} no chips detected on the current chain
2026-04-10T06:08:45.779197Z [ERROR] Tuner error: Disabled hashboard 1 {HB:1}: {ERR:I3} no chips detected on the current chain",logs_10_102_1_13_MINER-10-102-1-13.txt
10.102.1.14,0算力,0.000000,算力板全板失效（芯片未检出/初始化失败）,高,算力板/芯片异常；网络/矿池连接异常；总线/通信异常；疑似供电/排线/控制板链路问题,疑似供电/排线/控制板链路问题；算力板/芯片异常,"断电后重新插拔控制板到三块算力板的数据排线与电源接口；重点检查 HB1/HB2/HB3 是否都出现 no chips detected 或 NoChipsDetected；交叉测试控制板与算力板，确认是控制板链路问题还是算力板损坏；检查 PSU 对算力板供电电压与负载稳定性（是否触发过流保护）；若仍失败，优先更换故障算力板或控制板；当前日志涉及 HB:1,2,3","2026-04-09T12:27:47.176686Z [ERROR] Tuner error: Disabled hashboard 2 {HB:2}: {ERR:I3} no chips detected on the current chain
2026-04-09T18:28:47.037123Z [ERROR] Tuner error: Disabled hashboard 1 {HB:1}: {ERR:I3} no chips detected on the current chain
2026-04-09T18:29:54.450810Z [ERROR] Tuner error: Disabled hashboard 2 {HB:2}: {ERR:I3} no chips detected on the current chain
2026-04-10T01:19:13.493314Z [ERROR] Tuner error: Disabled hashboard 1 {HB:1}: {ERR:I3} no chips detected on the current chain
2026-04-10T01:20:21.186017Z [ERROR] Tuner error: Disabled hashboard 2 {HB:2}: {ERR:I3} no chips detected on the current chain
2026-04-10T03:04:40.597282Z [ERROR] Tuner error: Disabled hashboard 1 {HB:1}: {ERR:I3} no chips detected on the current chain
2026-04-10T03:05:49.656205Z [ERROR] Tuner error: Disabled hashboard 2 {HB:2}: {ERR:I3} no chips detected on the current chain
2026-04-10T03:06:57.939209Z [ERROR] Tuner error: Disabled hashboard 3 {HB:3}: {ERR:I3} no chips detected on the current chain
2026-04-10T03:08:09.422686Z [ERROR] Tuner error: Disabled hashboard 1 {HB:1}: {ERR:I3} no chips detected on the current chain
2026-04-10T03:19:07.504594Z [ERROR] Tuner error: Disabled hashboard 1 {HB:1}: {ERR:I3} no chips detected on the current chain
2026-04-10T03:20:16.557611Z [ERROR] Tuner error: Disabled hashboard 2 {HB:2}: {ERR:I3} no chips detected on the current chain
2026-04-10T04:21:20.506063Z [ERROR] Tuner error: Disabled hashboard 1 {HB:1}: {ERR:I3} no chips detected on the current chain",logs_10_102_1_14_MINER-10-102-1-14.txt
10.102.1.15,0算力,0.000000,算力板严重异常（芯片识别/通信错误，NoPIC 可能无法单禁板）,高,算力板/芯片异常；网络/矿池连接异常；若混有较早的 Failed to resolve，通常与当前 tuner 禁板无直接关系，以 HB 报错为主,若混有较早的 Failed to resolve，通常与当前 tuner 禁板无直接关系，以 HB 报错为主,"关注 Tuner 报错：如 detected … chips 远超 110、unexpected revision、ERR:I1/I2，多为该板通信或硬件损坏；断电后重插故障 HB 对应算力板排线与供电；与正常板互换槽位判断是板还是接口；NoPIC 机型可能无法单独禁用故障板，整机可能无法继续挖矿，需先修复或更换该板；若混有历史 Failed to resolve，以导出时间附近 tuner/hashboard 报错为准；矿池 Alive 不等于当前无板级故障；当前日志涉及 HB:1,2,3","2026-04-10T18:00:01.595653Z [ERROR] Tuner error: {ERR:H2} Stage 9: Zero MCR on hashboards [Address(3)]
2026-04-10T18:20:05.426114Z [ERROR] Tuner error: Disabled hashboard 1 {HB:1}: {ERR:I3} no chips detected on the current chain
2026-04-10T20:35:36.231473Z [ERROR] Tuner error: {ERR:H2} Stage 1: Zero MCR on hashboards [Address(3)]
2026-04-10T20:41:58.962154Z [ERROR] Tuner error: {ERR:H2} Stage 1: Zero MCR on hashboards [Address(3)]
2026-04-10T21:45:23.203257Z [ERROR] Tuner error: {ERR:H2} Stage 9: Zero MCR on hashboards [Address(3)]
2026-04-10T22:17:18.745655Z [ERROR] Tuner error: Disabled hashboard 1 {HB:1}: {ERR:I3} no chips detected on the current chain
2026-04-10T22:21:57.925851Z [ERROR] Tuner error: {ERR:H2} Stage 1: Zero MCR on hashboards [Address(3)]
2026-04-10T23:23:21.583066Z [ERROR] Tuner error: Disabled hashboard 1 {HB:1}: {ERR:I3} no chips detected on the current chain
2026-04-11T00:53:29.640082Z [ERROR] Tuner error: Disabled hashboard 1 {HB:1}: {ERR:I3} no chips detected on the current chain
2026-04-11T00:54:41.192810Z [ERROR] Tuner error: Disabled hashboard 2 {HB:2}: {ERR:I3} no chips detected on the current chain
2026-04-11T01:10:16.989970Z [ERROR] Tuner error: {ERR:H2} Stage 1: Zero MCR on hashboards [Address(3)]
2026-04-11T01:41:25.996946Z [ERROR] Tuner error: {ERR:H2} Stage 9: Zero MCR on hashboards [Address(3)]",logs_10_102_1_15_MINER-10-102-1-15.txt
10.102.1.19,0算力,0.000000,算力板全板失效（芯片未检出/初始化失败）,高,网络/矿池连接异常；电源异常,网络/矿池连接异常；电源异常,断电后重新插拔控制板到三块算力板的数据排线与电源接口；重点检查 HB1/HB2/HB3 是否都出现 no chips detected 或 NoChipsDetected；交叉测试控制板与算力板，确认是控制板链路问题还是算力板损坏；检查 PSU 对算力板供电电压与负载稳定性（是否触发过流保护）；若仍失败，优先更换故障算力板或控制板；当前日志涉及 HB:1,"========== errors（错误） ==========
2026-04-10T04:50:21.713457Z [ERROR] BUG[Serial/R/1]: Failed to submit response send failed because receiver is gone
2026-04-10T18:18:18.714007Z [ERROR] BUG[Serial/R/1]: Failed to submit response send failed because receiver is gone
2026-03-29T18:09:11.386839Z [ERROR] Failed to resolve (""btc.poolbinance.com"", 1800)
2026-03-29T18:09:34.410795Z [ERROR] Failed to resolve (""bs.poolbinance.com"", 3333)
2026-03-29T18:27:58.846367Z [ERROR] Failed to resolve (""sha256.poolbinance.com"", 443)
2026-03-29T19:07:35.962205Z [ERROR] Failed to resolve (""a830bcc3.bos.braiins.com"", 3336)
2026-03-29T19:09:12.098122Z [ERROR] Failed to resolve (""btc.poolbinance.com"", 1800)
2026-03-29T19:09:35.132638Z [ERROR] Failed to resolve (""bs.poolbinance.com"", 3333)
2026-03-29T19:27:59.576990Z [ERROR] Failed to resolve (""sha256.poolbinance.com"", 443)
2015-01-01T00:00:39.457924Z [ERROR] Failed to resolve (""sha256.poolbinance.com"", 443)
2015-01-01T00:00:39.459396Z [ERROR] Failed to resolve (""bs.poolbinance.com"", 3333)",logs_10_102_1_19_MINER-10-102-1-19.txt
10.102.1.1,0算力,0.000000,算力板部分失效（芯片数量严重不足）,高,网络/矿池连接异常；算力板/芯片异常,网络/矿池连接异常；算力板/芯片异常,定位异常算力板并单板测试；检查该板排线、供电及散热状态；复位或升级固件后复测芯片识别数量；若芯片长期缺失，安排维修或更换算力板；当前日志涉及 HB:3,"2026-04-04T06:12:14.005177Z [ERROR] Tuner error: Disabled hashboard 3 {HB:3}: {ERR:I3} no chips detected on the current chain
2026-04-04T16:59:45.451535Z [ERROR] Tuner error: Disabled hashboard 3 {HB:3}: {ERR:I3} no chips detected on the current chain
2026-04-04T19:18:58.770154Z [ERROR] Tuner error: Disabled hashboard 3 {HB:3}: {ERR:I3} no chips detected on the current chain
========== errors（错误） ==========
2026-03-29T16:26:45.803098Z [ERROR] Failed to resolve (""bs.poolbinance.com"", 3333)
2026-03-29T17:07:35.052885Z [ERROR] Failed to resolve (""a830bcc3.bos.braiins.com"", 3336)
2026-03-29T17:09:28.205494Z [ERROR] Failed to resolve (""sha256.poolbinance.com"", 443)
2026-03-29T17:09:49.249550Z [ERROR] Failed to resolve (""btc.poolbinance.com"", 1800)
2026-03-29T17:09:50.252213Z [ERROR] Failed to resolve (""bs.poolbinance.com"", 3333)
2026-03-29T18:07:35.937542Z [ERROR] Failed to resolve (""a830bcc3.bos.braiins.com"", 3336)
2026-03-29T18:09:29.096184Z [ERROR] Failed to resolve (""sha256.poolbinance.com"", 443)
2026-03-29T18:09:50.129153Z [ERROR] Failed to resolve (""btc.poolbinance.com"", 1800)",logs_10_102_1_1_MINER-10-102-1-1.txt
10.102.1.21,0算力,0.000000,算力板严重异常（芯片识别/通信错误，NoPIC 可能无法单禁板）,高,算力板/芯片异常；网络/矿池连接异常；若混有较早的 Failed to resolve，通常与当前 tuner 禁板无直接关系，以 HB 报错为主,若混有较早的 Failed to resolve，通常与当前 tuner 禁板无直接关系，以 HB 报错为主,"关注 Tuner 报错：如 detected … chips 远超 110、unexpected revision、ERR:I1/I2，多为该板通信或硬件损坏；断电后重插故障 HB 对应算力板排线与供电；与正常板互换槽位判断是板还是接口；NoPIC 机型可能无法单独禁用故障板，整机可能无法继续挖矿，需先修复或更换该板；若混有历史 Failed to resolve，以导出时间附近 tuner/hashboard 报错为准；矿池 Alive 不等于当前无板级故障；当前日志涉及 HB:1,2,3","2026-04-11T08:37:12.401121Z [ERROR] Tuner error: Disabled hashboard 1 {HB:1}: {ERR:I3} no chips detected on the current chain
2026-04-11T09:35:13.568587Z [ERROR] Tuner error: Disabled hashboard 2 {HB:2}: {ERR:I3} no chips detected on the current chain
2026-04-11T10:16:57.135191Z [ERROR] Tuner error: Disabled hashboard 1 {HB:1}: {ERR:I3} no chips detected on the current chain
2026-04-11T10:22:58.324478Z [ERROR] Tuner error: Disabled hashboard 2 {HB:2}: {ERR:I3} no chips detected on the current chain
2026-04-11T10:24:07.371040Z [ERROR] Tuner error: Disabled hashboard 3 {HB:3}: {ERR:I3} no chips detected on the current chain
2026-04-11T10:25:27.886027Z [ERROR] Tuner error: Disabled hashboard 1 {HB:1}: {ERR:I3} no chips detected on the current chain
2026-04-11T10:37:02.937222Z [ERROR] Tuner error: Disabled hashboard 1 {HB:1}: {ERR:I3} no chips detected on the current chain
2026-04-11T10:40:07.160264Z [ERROR] Tuner error: Disabled hashboard 2 {HB:2}: {ERR:I3} no chips detected on the current chain
2026-04-11T11:41:37.278836Z [ERROR] Tuner error: Disabled hashboard 1 {HB:1}: {ERR:I3} no chips detected on the current chain
2026-04-11T11:43:17.101849Z [ERROR] Tuner error: Disabled hashboard 3 {HB:3}: {ERR:I3} no chips detected on the current chain
2026-04-11T18:33:55.530462Z [ERROR] Tuner error: Disabled hashboard 1 {HB:1}: {ERR:I3} no chips detected on the current chain
2026-04-11T18:35:05.846342Z [ERROR] Tuner error: Disabled hashboard 2 {HB:2}: {ERR:I3} no chips detected on the current chain",logs_10_102_1_21_MINER-10-102-1-21.txt
10.102.1.22,0算力,0.000000,算力板全板失效（芯片未检出/初始化失败）,高,网络/矿池连接异常；算力板/芯片异常；疑似供电/排线/控制板链路问题,疑似供电/排线/控制板链路问题；网络/矿池连接异常,"断电后重新插拔控制板到三块算力板的数据排线与电源接口；重点检查 HB1/HB2/HB3 是否都出现 no chips detected 或 NoChipsDetected；交叉测试控制板与算力板，确认是控制板链路问题还是算力板损坏；检查 PSU 对算力板供电电压与负载稳定性（是否触发过流保护）；若仍失败，优先更换故障算力板或控制板；当前日志涉及 HB:1,3","2026-04-07T08:26:10.277148Z [ERROR] Tuner error: Disabled hashboard 1 {HB:1}: {ERR:I3} no chips detected on the current chain
2026-04-07T08:27:23.450019Z [ERROR] Tuner error: Disabled hashboard 3 {HB:3}: {ERR:I3} no chips detected on the current chain
2026-04-07T21:10:05.179381Z [ERROR] Tuner error: Disabled hashboard 1 {HB:1}: {ERR:I3} no chips detected on the current chain
2026-04-07T21:11:17.804493Z [ERROR] Tuner error: Disabled hashboard 3 {HB:3}: {ERR:I3} no chips detected on the current chain
2026-04-07T21:14:58.165616Z [ERROR] Tuner error: Disabled hashboard 1 {HB:1}: {ERR:I3} no chips detected on the current chain
2026-04-07T21:16:09.817992Z [ERROR] Tuner error: Disabled hashboard 3 {HB:3}: {ERR:I3} no chips detected on the current chain
2026-04-10T02:36:20.392812Z [ERROR] Tuner error: Disabled hashboard 1 {HB:1}: {ERR:I3} no chips detected on the current chain
2026-04-10T02:37:33.248695Z [ERROR] Tuner error: Disabled hashboard 3 {HB:3}: {ERR:I3} no chips detected on the current chain
2026-04-10T18:21:39.464613Z [ERROR] Tuner error: Disabled hashboard 1 {HB:1}: {ERR:I3} no chips detected on the current chain
2026-04-10T18:22:52.737856Z [ERROR] Tuner error: Disabled hashboard 3 {HB:3}: {ERR:I3} no chips detected on the current chain
2026-04-11T10:17:36.728824Z [ERROR] Tuner error: Disabled hashboard 1 {HB:1}: {ERR:I3} no chips detected on the current chain
2026-04-11T10:18:51.065496Z [ERROR] Tuner error: Disabled hashboard 3 {HB:3}: {ERR:I3} no chips detected on the current chain",logs_10_102_1_22_MINER-10-102-1-22.txt
10.102.1.29,0算力,0.000000,算力板全板失效（芯片未检出/初始化失败）,高,算力板/芯片异常；网络/矿池连接异常,算力板/芯片异常；网络/矿池连接异常,断电后重新插拔控制板到三块算力板的数据排线与电源接口；重点检查 HB1/HB2/HB3 是否都出现 no chips detected 或 NoChipsDetected；交叉测试控制板与算力板，确认是控制板链路问题还是算力板损坏；检查 PSU 对算力板供电电压与负载稳定性（是否触发过流保护）；若仍失败，优先更换故障算力板或控制板；当前日志涉及 HB:1,"2026-04-11T10:47:31.642939Z [ERROR] Tuner error: {ERR:H2} Stage 9: Zero MCR on hashboards [Address(3)]
2026-04-11T10:59:01.790224Z [ERROR] Tuner error: Disabled hashboard 1 {HB:1}: {ERR:I3} no chips detected on the current chain
2026-04-11T11:08:18.963545Z [ERROR] Tuner error: {ERR:H2} Stage 1: Zero MCR on hashboards [Address(3)]
2026-04-11T11:15:11.126472Z [ERROR] Tuner error: {ERR:H2} Stage 1: Zero MCR on hashboards [Address(3)]
2026-04-11T11:22:31.754091Z [ERROR] Tuner error: {ERR:H2} Stage 1: Zero MCR on hashboards [Address(3)]
2026-04-11T11:33:48.337826Z [ERROR] Tuner error: Disabled hashboard 1 {HB:1}: {ERR:I3} no chips detected on the current chain
2026-04-11T11:43:45.592055Z [ERROR] Tuner error: {ERR:H2} Stage 1: Zero MCR on hashboards [Address(3)]
2026-04-11T12:45:04.892686Z [ERROR] Tuner error: Disabled hashboard 1 {HB:1}: {ERR:I3} no chips detected on the current chain
2026-04-11T12:46:02.217591Z [ERROR] Tuner error: {ERR:H2} Stage 1: Zero MCR on hashboards [Address(3)]
2026-04-11T19:13:44.283842Z [ERROR] Tuner error: Disabled hashboard 1 {HB:1}: {ERR:I3} no chips detected on the current chain
2026-04-11T19:14:55.865241Z [ERROR] Tuner error: {ERR:H2} Stage 1: Zero MCR on hashboards [Address(3)]
2026-04-12T01:18:37.901754Z [ERROR] Tuner error: Disabled hashboard 1 {HB:1}: {ERR:I3} no chips detected on the current chain",logs_10_102_1_29_MINER-10-102-1-29.txt
10.102.1.2,0算力,0.000000,算力板全板失效（芯片未检出/初始化失败）,高,算力板/芯片异常；网络/矿池连接异常；总线/通信异常；疑似供电/排线/控制板链路问题,疑似供电/排线/控制板链路问题；算力板/芯片异常,"断电后重新插拔控制板到三块算力板的数据排线与电源接口；重点检查 HB1/HB2/HB3 是否都出现 no chips detected 或 NoChipsDetected；交叉测试控制板与算力板，确认是控制板链路问题还是算力板损坏；检查 PSU 对算力板供电电压与负载稳定性（是否触发过流保护）；若仍失败，优先更换故障算力板或控制板；当前日志涉及 HB:1,3","2026-04-10T02:35:39.792621Z [ERROR] Tuner error: Disabled hashboard 1 {HB:1}: {ERR:I3} no chips detected on the current chain
2026-04-10T02:36:51.332943Z [ERROR] Tuner error: Disabled hashboard 3 {HB:3}: {ERR:I3} no chips detected on the current chain
2026-04-10T03:05:23.669483Z [ERROR] Tuner error: Disabled hashboard 1 {HB:1}: {ERR:I3} no chips detected on the current chain
2026-04-10T03:06:32.485487Z [ERROR] Tuner error: Disabled hashboard 3 {HB:3}: {ERR:I3} no chips detected on the current chain
2026-04-10T18:21:36.102303Z [ERROR] Tuner error: Disabled hashboard 1 {HB:1}: {ERR:I3} no chips detected on the current chain
2026-04-10T18:22:55.855540Z [ERROR] Tuner error: Disabled hashboard 3 {HB:3}: {ERR:I3} no chips detected on the current chain
2026-04-10T21:47:53.028271Z [ERROR] Tuner error: {ERR:H2} Stage 9: Zero MCR on hashboards [Address(2)]
2026-04-11T10:16:26.017922Z [ERROR] Tuner error: Disabled hashboard 1 {HB:1}: {ERR:I3} no chips detected on the current chain
2026-04-11T10:17:37.577353Z [ERROR] Tuner error: Disabled hashboard 3 {HB:3}: {ERR:I3} no chips detected on the current chain
2026-04-05T19:13:01.804905Z [ERROR] Tuner error: {ERR:H2} Stage 8: Zero MCR on hashboards [Address(2)]
2026-04-05T19:29:08.544574Z [ERROR] Tuner error: {ERR:H2} Stage 9: Zero MCR on hashboards [Address(2)]
2026-04-05T19:40:25.997098Z [ERROR] Tuner error: Disabled hashboard 1 {HB:1}: {ERR:I3} no chips detected on the current chain",logs_10_102_1_2_MINER-10-102-1-2.txt
10.102.1.36,0算力,0.000000,算力板 EEPROM 读取失败（多链初始化失败，SOC 无法启动）,高,矿机服务异常/接口超时；多链 EEPROM 无数据/校验/Fixture 失败会导致 SOC 无法完成基本初始化；优先排查排线与固件，再考虑控制板/算力板,多链 EEPROM 无数据/校验/Fixture 失败会导致 SOC 无法完成基本初始化；优先排查排线与固件，再考虑控制板/算力板,根据 load chain … eeprom / Data load fail / eeprom load ret:-1 定位失败链；逐链重插数据排线与电源，换槽位交叉测试区分板卡与控制板；EEPROM error: CRC … REGION、Fixture data load failed 多为数据损坏或通信问题；多链同时失败优先查共因（排线、控制板 EEPROM 通路、固件版本）；出现 ERROR_SOC_INIT: basic init failed / stop_mining: basic init failed 时，勿先当总线泛化故障；可尝试重刷官方或兼容固件后再测；若单链异常可换板；多链皆失败且排除连接后重点考虑控制板或批量硬件问题,"[    0.523048@0] clkmsr ffd18004.meson_clk_msr: failed to get msr ring reg0
[    0.656997@0] dmi: Firmware registration failed.
[    1.529261@3] Initramfs unpacking failed: junk in compressed archive
[    2.028116@3] i2c i2c-1: of_i2c: modalias failure on /soc/aobus@ff800000/i2c@5000/mcu6350@40
[    2.031989@3] i2c i2c-1: Failed to create I2C device for /soc/aobus@ff800000/i2c@5000/mcu6350@40
[    3.166677@3] defendkey: probe of defendkey failed with error -22
[    3.914968@1] hub 2-0:1.0: config failed, hub doesn't have any ports! (err -19)
[    4.080924@0] thermal thermal_zone0: binding zone soc_thermal with cdev thermal-cpufreq-0 failed:-22
[    5.698366@1] meson6-dwmac ff3f0000.ethernet eth0: fail to init PTP.
2026-04-10 18:17:43 get test_loop_securely_find_asic_num failed
2026-04-10 18:17:51 fail to write 0:1
2026-04-10 18:17:51 fail to read 0:1",logs_10_102_1_36_MINER-10-102-1-36.txt
10.102.1.38,0算力,0.000000,限电/策略休眠（Curtailment Sleep）,高,退出休眠后若仍断连，再排查矿池/网络,退出休眠后若仍断连，再排查矿池/网络,在 LuxOS/矿场管理端或 API 来源处确认是否下发了 curtail/sleep 或限电策略；若需恢复挖矿：将 CurtailMode 改为非 Sleep，或取消对应限电/休眠任务；退出休眠后等待矿池重连，观察 SUMMARY/DEVS 是否从 Dead 恢复为正常；若恢复后仍无算力或矿池反复断连，再单独排查网络与矿池配置,"2026-04-11T23:27:28.882760Z [INFO] Received API command: curtail, params=lmWoZHGX,sleep
2026-04-11T23:27:28.899881Z [INFO] Skipping group connection due to curtailment
2026-04-11T23:27:28.902441Z [INFO] Skipping group connection due to curtailment
+ curtailment_mode = ""sleep""
2026-04-11T23:57:17.801364Z [INFO] Received API command: curtail, params=CGV605ge,wakeup
- curtailment_mode = ""sleep""
2026-04-11T23:57:38.971476Z [ERROR] XXXXXXXX reading empty work return fifo!!. Simulating with 0.
2026-04-11T23:57:39.420982Z [ERROR] XXXXXXXX reading empty work return fifo!!. Simulating with 0.
2026-04-11T23:58:57.747353Z [ERROR] Error reading chip PLL
2026-04-11T23:59:41.326833Z [ERROR] Error reading chip PLL
2026-04-11T23:59:43.761078Z [ERROR] Error reading chip PLL
2026-04-11T23:59:45.986149Z [ERROR] Error reading chip PLL",logs_10_102_1_38_MINER-10-102-1-38.txt
10.102.1.41,0算力,0.000000,算力板全板失效（芯片未检出/初始化失败）,高,算力板/芯片异常；网络/矿池连接异常；总线/通信异常；疑似供电/排线/控制板链路问题,疑似供电/排线/控制板链路问题；算力板/芯片异常,"断电后重新插拔控制板到三块算力板的数据排线与电源接口；重点检查 HB1/HB2/HB3 是否都出现 no chips detected 或 NoChipsDetected；交叉测试控制板与算力板，确认是控制板链路问题还是算力板损坏；检查 PSU 对算力板供电电压与负载稳定性（是否触发过流保护）；若仍失败，优先更换故障算力板或控制板；当前日志涉及 HB:1,2,3","2026-04-11T02:11:16.223371Z [ERROR] Tuner error: Disabled hashboard 2 {HB:2}: {ERR:I3} no chips detected on the current chain
2026-04-11T09:00:07.619086Z [ERROR] Tuner error: Disabled hashboard 1 {HB:1}: {ERR:I3} no chips detected on the current chain
2026-04-11T09:01:16.666761Z [ERROR] Tuner error: Disabled hashboard 2 {HB:2}: {ERR:I3} no chips detected on the current chain
2026-04-11T15:02:14.087859Z [ERROR] Tuner error: Disabled hashboard 1 {HB:1}: {ERR:I3} no chips detected on the current chain
2026-04-11T15:59:27.173364Z [ERROR] Tuner error: Disabled hashboard 2 {HB:2}: {ERR:I3} no chips detected on the current chain
2026-04-11T22:00:26.539582Z [ERROR] Tuner error: Disabled hashboard 1 {HB:1}: {ERR:I3} no chips detected on the current chain
2026-04-11T22:01:33.957509Z [ERROR] Tuner error: Disabled hashboard 2 {HB:2}: {ERR:I3} no chips detected on the current chain
2026-04-09T04:12:29.656443Z [ERROR] Tuner error: Disabled hashboard 2 {HB:2}: {ERR:I3} no chips detected on the current chain
2026-04-09T04:13:37.915651Z [ERROR] Tuner error: Disabled hashboard 3 {HB:3}: {ERR:I3} no chips detected on the current chain
2026-04-09T04:14:49.452039Z [ERROR] Tuner error: Disabled hashboard 1 {HB:1}: {ERR:I3} no chips detected on the current chain
2026-04-09T04:25:47.594332Z [ERROR] Tuner error: Disabled hashboard 1 {HB:1}: {ERR:I3} no chips detected on the current chain
2026-04-09T04:26:56.657353Z [ERROR] Tuner error: Disabled hashboard 2 {HB:2}: {ERR:I3} no chips detected on the current chain",logs_10_102_1_41_MINER-10-102-1-41.txt
10.102.1.44,0算力,0.000000,算力板芯片枚举不足（Hashchip 与 110 不符，已被禁用）,高,算力板/芯片异常；网络/矿池连接异常；多链芯片响应不足或无法通信，Tuner 已禁用对应算力板；优先重插排线/换槽位，仍失败则更换板卡；PSU I²C 校验失败可为次要因素，多在板卡与链路确认后再复测电源通信,多链芯片响应不足或无法通信，Tuner 已禁用对应算力板；优先重插排线/换槽位，仍失败则更换板卡；PSU I²C 校验失败可为次要因素，多在板卡与链路确认后再复测电源通信；算力板/芯片异常,"根据 Tuner error / CHAIN 日志确认 {HB:n} 与「number of responses … doesn't match chip count 110」对应链；断电后重插故障板数据排线与电源接口；与正常链互换槽位判断是板卡还是槽位/控制板；仅一链正常时总算力约为额定三分之一属常见现象；PSU I²C checksum 异常多为次要，板卡稳定后再复测电源；若某链长期 0 响应或响应数远低于 110，按算力板硬件损坏或通信链路故障处理，更换板卡或送修；当前日志涉及 HB:1,2,3","2026-04-12T01:28:04.431374Z [ERROR] Tuner error: Disabled hashboard 3 {HB:3}: {ERR:I3} no chips detected on the current chain
2026-04-02T16:56:26.013308Z [ERROR] Tuner error: Disabled hashboard 1 {HB:1}: {ERR:I3} no chips detected on the current chain
2026-04-02T16:58:21.055994Z [ERROR] Tuner error: Disabled hashboard 3 {HB:3}: {ERR:I3} no chips detected on the current chain
2026-04-02T18:41:41.185982Z [ERROR] Tuner error: Disabled hashboard 1 {HB:1}: {ERR:I3} no chips detected on the current chain
2026-04-02T18:44:02.250815Z [ERROR] Tuner error: Disabled hashboard 3 {HB:3}: {ERR:I3} no chips detected on the current chain
2026-04-02T19:44:51.794145Z [ERROR] Tuner error: Disabled hashboard 1 {HB:1}: {ERR:I3} no chips detected on the current chain
2026-04-02T19:46:20.873699Z [ERROR] Tuner error: Disabled hashboard 3 {HB:3}: {ERR:I3} no chips detected on the current chain
2026-04-02T23:23:46.755737Z [ERROR] Tuner error: Disabled hashboard 1 {HB:1}: {ERR:I3} no chips detected on the current chain
2026-04-02T23:26:16.257450Z [ERROR] Tuner error: Disabled hashboard 3 {HB:3}: {ERR:I3} no chips detected on the current chain
2026-04-03T13:56:30.832886Z [ERROR] Tuner error: Disabled hashboard 1 {HB:1}: {ERR:I3} no chips detected on the current chain
2026-04-03T13:57:41.419120Z [ERROR] Tuner error: Disabled hashboard 3 {HB:3}: {ERR:I3} no chips detected on the current chain
2026-04-04T06:12:08.836442Z [ERROR] Tuner error: Disabled hashboard 1 {HB:1}: {ERR:I3} no chips detected on the current chain",logs_10_102_1_44_MINER-10-102-1-44.txt
10.102.1.46,0算力,0.000000,算力板全板失效（芯片未检出/初始化失败）,高,算力板/芯片异常；网络/矿池连接异常；疑似供电/排线/控制板链路问题,疑似供电/排线/控制板链路问题；算力板/芯片异常,"断电后重新插拔控制板到三块算力板的数据排线与电源接口；重点检查 HB1/HB2/HB3 是否都出现 no chips detected 或 NoChipsDetected；交叉测试控制板与算力板，确认是控制板链路问题还是算力板损坏；检查 PSU 对算力板供电电压与负载稳定性（是否触发过流保护）；若仍失败，优先更换故障算力板或控制板；当前日志涉及 HB:2,3","2026-04-10T04:44:49.687827Z [ERROR] Tuner error: Disabled hashboard 3 {HB:3}: {ERR:I3} no chips detected on the current chain
2026-04-10T04:52:08.373399Z [ERROR] Tuner error: Disabled hashboard 2 {HB:2}: {ERR:I3} no chips detected on the current chain
2026-04-10T04:53:19.993201Z [ERROR] Tuner error: Disabled hashboard 3 {HB:3}: {ERR:I3} no chips detected on the current chain
2026-04-10T05:19:22.394324Z [ERROR] Tuner error: {ERR:H2} Stage 13: Zero MCR on hashboards [Address(1)]
2026-04-10T05:47:02.393311Z [ERROR] Tuner error: {ERR:H2} Stage 13: Zero MCR on hashboards [Address(1)]
2026-04-10T05:58:50.979996Z [ERROR] Tuner error: Disabled hashboard 2 {HB:2}: {ERR:I3} no chips detected on the current chain
2026-04-10T06:00:03.826132Z [ERROR] Tuner error: Disabled hashboard 3 {HB:3}: {ERR:I3} no chips detected on the current chain
2026-04-10T07:01:06.340743Z [ERROR] Tuner error: Disabled hashboard 2 {HB:2}: {ERR:I3} no chips detected on the current chain
2026-04-10T07:02:15.904899Z [ERROR] Tuner error: Disabled hashboard 3 {HB:3}: {ERR:I3} no chips detected on the current chain
2026-04-10T13:03:18.476804Z [ERROR] Tuner error: Disabled hashboard 2 {HB:2}: {ERR:I3} no chips detected on the current chain
2026-04-10T13:04:26.393144Z [ERROR] Tuner error: Disabled hashboard 3 {HB:3}: {ERR:I3} no chips detected on the current chain
2026-04-10T18:18:35.538022Z [ERROR] Tuner error: Disabled hashboard 2 {HB:2}: {ERR:I3} no chips detected on the current chain",logs_10_102_1_46_MINER-10-102-1-46.txt
10.102.1.58,0算力,0.000000,算力板芯片枚举不足（Hashchip 与 110 不符，已被禁用）,高,网络/矿池连接异常；算力板/芯片异常；电源异常；多链芯片响应不足或无法通信，Tuner 已禁用对应算力板；优先重插排线/换槽位，仍失败则更换板卡；PSU I²C 校验失败可为次要因素，多在板卡与链路确认后再复测电源通信,多链芯片响应不足或无法通信，Tuner 已禁用对应算力板；优先重插排线/换槽位，仍失败则更换板卡；PSU I²C 校验失败可为次要因素，多在板卡与链路确认后再复测电源通信；算力板/芯片异常,"根据 Tuner error / CHAIN 日志确认 {HB:n} 与「number of responses … doesn't match chip count 110」对应链；断电后重插故障板数据排线与电源接口；与正常链互换槽位判断是板卡还是槽位/控制板；仅一链正常时总算力约为额定三分之一属常见现象；PSU I²C checksum 异常多为次要，板卡稳定后再复测电源；若某链长期 0 响应或响应数远低于 110，按算力板硬件损坏或通信链路故障处理，更换板卡或送修；当前日志涉及 HB:2,3","2026-03-29T19:41:46.028625Z [ERROR] Tuner error: Disabled hashboard 2 {HB:2}: Hashchip: number of responses 69 of read_register(reg=0x0) doesn't match chip count 110: reply 0x8a missing
2026-03-29T19:44:07.851621Z [ERROR] Tuner error: Disabled hashboard 2 {HB:2}: Hashchip: number of responses 63 of read_register(reg=0x0) doesn't match chip count 110: reply 0x50 missing
2026-03-29T19:45:19.594532Z [ERROR] Tuner error: Disabled hashboard 3 {HB:3}: {ERR:I1} unexpected revision of chip 5 (expected: 0x1366 received: 0x830)
2026-03-30T03:22:17.420267Z [ERROR] Tuner error: Disabled hashboard 2 {HB:2}: Hashchip: number of responses 0 of read_register(reg=0x0) doesn't match chip count 110: reply 0x0 missing
2026-03-30T03:23:30.487543Z [ERROR] Tuner error: Disabled hashboard 3 {HB:3}: {ERR:I1} unexpected revision of chip 6 (expected: 0x1366 received: 0xff)
2026-03-30T21:51:23.990335Z [ERROR] Tuner error: Disabled hashboard 2 {HB:2}: Hashchip: number of responses 0 of read_register(reg=0x0) doesn't match chip count 110: reply 0x0 missing
2026-03-30T21:52:55.367659Z [ERROR] Tuner error: Disabled hashboard 3 {HB:3}: {ERR:I1} unexpected revision of chip 6 (expected: 0x1366 received: 0x0)
2026-03-30T23:54:04.797910Z [ERROR] Tuner error: Disabled hashboard 2 {HB:2}: Hashchip: number of responses 0 of read_register(reg=0x0) doesn't match chip count 110: reply 0x0 missing
2026-03-30T23:55:33.399032Z [ERROR] Tuner error: Disabled hashboard 3 {HB:3}: {ERR:I1} unexpected revision of chip 3 (expected: 0x1366 received: 0x20c)
2026-03-31T04:45:05.874134Z [ERROR] Tuner error: Disabled hashboard 2 {HB:2}: Hashchip: number of responses 0 of read_register(reg=0x0) doesn't match chip count 110: reply 0x0 missing
2026-03-31T04:46:22.047002Z [ERROR] Tuner error: Disabled hashboard 3 {HB:3}: {ERR:I1} unexpected revision of chip 2 (expected: 0x1366 received: 0x0)
2026-03-31T12:40:58.305479Z [ERROR] Tuner error: Disabled hashboard 2 {HB:2}: Hashchip: number of responses 0 of read_register(reg=0x0) doesn't match chip count 110: reply 0x0 missing",logs_10_102_1_58_MINER-10-102-1-58.txt
10.102.1.59,0算力,0.000000,算力板严重异常（芯片识别/通信错误，NoPIC 可能无法单禁板）,高,网络/矿池连接异常；算力板/芯片异常；若混有较早的 Failed to resolve，通常与当前 tuner 禁板无直接关系，以 HB 报错为主,若混有较早的 Failed to resolve，通常与当前 tuner 禁板无直接关系，以 HB 报错为主,"关注 Tuner 报错：如 detected … chips 远超 110、unexpected revision、ERR:I1/I2，多为该板通信或硬件损坏；断电后重插故障 HB 对应算力板排线与供电；与正常板互换槽位判断是板还是接口；NoPIC 机型可能无法单独禁用故障板，整机可能无法继续挖矿，需先修复或更换该板；若混有历史 Failed to resolve，以导出时间附近 tuner/hashboard 报错为准；矿池 Alive 不等于当前无板级故障；当前日志涉及 HB:1,3","2026-04-10T23:16:34.685589Z [ERROR] Tuner error: Disabled hashboard 1 {HB:1}: {ERR:I3} no chips detected on the current chain
2026-04-10T23:18:19.532950Z [ERROR] Tuner error: Disabled hashboard 3 {HB:3}: {ERR:I3} no chips detected on the current chain
2026-04-11T12:10:21.954887Z [ERROR] Tuner error: Disabled hashboard 1 {HB:1}: {ERR:I3} no chips detected on the current chain
2026-04-11T12:11:30.907960Z [ERROR] Tuner error: Disabled hashboard 3 {HB:3}: {ERR:I3} no chips detected on the current chain
2026-03-29T19:43:55.037413Z [ERROR] Tuner error: Disabled hashboard 3 {HB:3}: {ERR:I3} no chips detected on the current chain
2026-03-30T03:22:26.626668Z [ERROR] Tuner error: Disabled hashboard 3 {HB:3}: {ERR:I3} no chips detected on the current chain
2026-03-30T21:51:29.449037Z [ERROR] Tuner error: Disabled hashboard 3 {HB:3}: {ERR:I3} no chips detected on the current chain
2026-03-31T04:45:11.403241Z [ERROR] Tuner error: Disabled hashboard 3 {HB:3}: {ERR:I3} no chips detected on the current chain
2026-03-31T05:03:18.319054Z [ERROR] Tuner error: Disabled hashboard 3 {HB:3}: {ERR:I3} no chips detected on the current chain
2026-03-31T17:09:50.776786Z [ERROR] Tuner error: Disabled hashboard 3 {HB:3}: {ERR:I3} no chips detected on the current chain
2026-03-31T18:06:57.284904Z [ERROR] Tuner error: Disabled hashboard 3 {HB:3}: {ERR:I3} no chips detected on the current chain
2026-03-31T20:03:39.400686Z [ERROR] Tuner error: Disabled hashboard 3 {HB:3}: {ERR:I3} no chips detected on the current chain",logs_10_102_1_59_MINER-10-102-1-59.txt
10.102.1.60,0算力,0.000000,算力板全板失效（芯片未检出/初始化失败）,高,算力板/芯片异常；网络/矿池连接异常；总线/通信异常；疑似供电/排线/控制板链路问题,疑似供电/排线/控制板链路问题；算力板/芯片异常,"断电后重新插拔控制板到三块算力板的数据排线与电源接口；重点检查 HB1/HB2/HB3 是否都出现 no chips detected 或 NoChipsDetected；交叉测试控制板与算力板，确认是控制板链路问题还是算力板损坏；检查 PSU 对算力板供电电压与负载稳定性（是否触发过流保护）；若仍失败，优先更换故障算力板或控制板；当前日志涉及 HB:1,2,3","2026-04-10T19:37:35.988712Z [ERROR] Tuner error: Disabled hashboard 2 {HB:2}: {ERR:I3} no chips detected on the current chain
2026-04-11T00:53:29.521727Z [ERROR] Tuner error: Disabled hashboard 1 {HB:1}: {ERR:I3} no chips detected on the current chain
2026-04-11T00:54:38.573907Z [ERROR] Tuner error: Disabled hashboard 2 {HB:2}: {ERR:I3} no chips detected on the current chain
2026-04-11T00:55:46.839717Z [ERROR] Tuner error: Disabled hashboard 3 {HB:3}: {ERR:I3} no chips detected on the current chain
2026-04-11T00:57:27.548276Z [ERROR] Tuner error: Disabled hashboard 1 {HB:1}: {ERR:I3} no chips detected on the current chain
2026-04-11T01:08:29.772775Z [ERROR] Tuner error: Disabled hashboard 1 {HB:1}: {ERR:I3} no chips detected on the current chain
2026-04-11T01:09:38.817209Z [ERROR] Tuner error: Disabled hashboard 2 {HB:2}: {ERR:I3} no chips detected on the current chain
2026-04-11T02:10:37.876698Z [ERROR] Tuner error: Disabled hashboard 1 {HB:1}: {ERR:I3} no chips detected on the current chain
2026-04-11T02:11:49.337820Z [ERROR] Tuner error: Disabled hashboard 2 {HB:2}: {ERR:I3} no chips detected on the current chain
2026-04-11T08:12:48.503332Z [ERROR] Tuner error: Disabled hashboard 1 {HB:1}: {ERR:I3} no chips detected on the current chain
2026-04-11T09:10:49.224339Z [ERROR] Tuner error: Disabled hashboard 2 {HB:2}: {ERR:I3} no chips detected on the current chain
2026-04-11T13:38:57.223214Z [ERROR] Tuner error: Disabled hashboard 1 {HB:1}: {ERR:I3} no chips detected on the current chain",logs_10_102_1_60_MINER-10-102-1-60.txt
10.102.1.64,0算力,0.000000,算力板严重异常（芯片识别/通信错误，NoPIC 可能无法单禁板）,高,算力板/芯片异常；网络/矿池连接异常；电源异常；若混有较早的 Failed to resolve，通常与当前 tuner 禁板无直接关系，以 HB 报错为主,若混有较早的 Failed to resolve，通常与当前 tuner 禁板无直接关系，以 HB 报错为主,"关注 Tuner 报错：如 detected … chips 远超 110、unexpected revision、ERR:I1/I2，多为该板通信或硬件损坏；断电后重插故障 HB 对应算力板排线与供电；与正常板互换槽位判断是板还是接口；NoPIC 机型可能无法单独禁用故障板，整机可能无法继续挖矿，需先修复或更换该板；若混有历史 Failed to resolve，以导出时间附近 tuner/hashboard 报错为准；矿池 Alive 不等于当前无板级故障；当前日志涉及 HB:1,2,3","2026-04-10T05:07:42.937316Z [ERROR] Tuner error: Disabled hashboard 2 {HB:2}: {ERR:I3} no chips detected on the current chain
2026-04-10T06:08:52.810153Z [ERROR] Tuner error: Disabled hashboard 1 {HB:1}: {ERR:I3} no chips detected on the current chain
2026-04-10T06:10:00.501694Z [ERROR] Tuner error: Disabled hashboard 2 {HB:2}: {ERR:I3} no chips detected on the current chain
2026-04-10T13:07:39.646467Z [ERROR] Tuner error: Disabled hashboard 1 {HB:1}: {ERR:I3} no chips detected on the current chain
2026-04-10T13:08:47.066835Z [ERROR] Tuner error: Disabled hashboard 2 {HB:2}: {ERR:I3} no chips detected on the current chain
2026-04-10T18:18:34.382181Z [ERROR] Tuner error: Disabled hashboard 1 {HB:1}: {ERR:I3} no chips detected on the current chain
2026-04-10T18:19:43.429290Z [ERROR] Tuner error: Disabled hashboard 2 {HB:2}: {ERR:I3} no chips detected on the current chain
2026-04-10T18:21:02.255854Z [ERROR] Tuner error: Disabled hashboard 3 {HB:3}: {ERR:I3} no chips detected on the current chain
2026-04-10T18:22:41.991173Z [ERROR] Tuner error: Disabled hashboard 1 {HB:1}: {ERR:I3} no chips detected on the current chain
2026-04-10T18:33:40.140063Z [ERROR] Tuner error: Disabled hashboard 1 {HB:1}: {ERR:I3} no chips detected on the current chain
2026-04-10T18:34:53.205716Z [ERROR] Tuner error: Disabled hashboard 2 {HB:2}: {ERR:I3} no chips detected on the current chain
2026-04-10T19:35:54.159650Z [ERROR] Tuner error: Disabled hashboard 1 {HB:1}: {ERR:I3} no chips detected on the current chain",logs_10_102_1_64_MINER-10-102-1-64.txt
10.102.1.65,0算力,0.000000,算力板芯片枚举不足（Hashchip 与 110 不符，已被禁用）,高,算力板/芯片异常；网络/矿池连接异常；多链芯片响应不足或无法通信，Tuner 已禁用对应算力板；优先重插排线/换槽位，仍失败则更换板卡；PSU I²C 校验失败可为次要因素，多在板卡与链路确认后再复测电源通信,多链芯片响应不足或无法通信，Tuner 已禁用对应算力板；优先重插排线/换槽位，仍失败则更换板卡；PSU I²C 校验失败可为次要因素，多在板卡与链路确认后再复测电源通信；算力板/芯片异常,根据 Tuner error / CHAIN 日志确认 {HB:n} 与「number of responses … doesn't match chip count 110」对应链；断电后重插故障板数据排线与电源接口；与正常链互换槽位判断是板卡还是槽位/控制板；仅一链正常时总算力约为额定三分之一属常见现象；PSU I²C checksum 异常多为次要，板卡稳定后再复测电源；若某链长期 0 响应或响应数远低于 110，按算力板硬件损坏或通信链路故障处理，更换板卡或送修；当前日志涉及 HB:1,"2026-04-10T19:38:00.429040Z [ERROR] {ERR:H1} Hashboard 1 has a problem, but this is a NoPIC miner and bosminer can't disable it individually for safety reasons
2026-04-10T19:38:00.442825Z [ERROR] Tuner error: Disabled hashboard 1 {HB:1}: Hashchip: number of responses 0 of read_register(reg=0x0) doesn't match chip count 110: reply 0x0 missing
2026-04-11T00:53:45.004428Z [ERROR] {ERR:H1} Hashboard 1 has a problem, but this is a NoPIC miner and bosminer can't disable it individually for safety reasons
2026-04-11T00:53:45.013942Z [ERROR] Tuner error: Disabled hashboard 1 {HB:1}: Hashchip: number of responses 0 of read_register(reg=0x0) doesn't match chip count 110: reply 0x0 missing
2026-04-11T00:54:57.741688Z [ERROR] {ERR:H1} Hashboard 1 has a problem, but this is a NoPIC miner and bosminer can't disable it individually for safety reasons
2026-04-11T00:54:57.750756Z [ERROR] Tuner error: Disabled hashboard 1 {HB:1}: Hashchip: number of responses 0 of read_register(reg=0x0) doesn't match chip count 110: reply 0x0 missing
2026-04-11T00:56:10.459294Z [ERROR] {ERR:H1} Hashboard 1 has a problem, but this is a NoPIC miner and bosminer can't disable it individually for safety reasons
2026-04-11T00:56:10.468370Z [ERROR] Tuner error: Disabled hashboard 1 {HB:1}: Hashchip: number of responses 0 of read_register(reg=0x0) doesn't match chip count 110: reply 0x0 missing
2026-04-11T00:57:33.897087Z [ERROR] {ERR:H1} Hashboard 1 has a problem, but this is a NoPIC miner and bosminer can't disable it individually for safety reasons
2026-04-11T00:57:33.906543Z [ERROR] Tuner error: Disabled hashboard 1 {HB:1}: Hashchip: number of responses 0 of read_register(reg=0x0) doesn't match chip count 110: reply 0x0 missing
2026-04-11T01:08:43.535575Z [ERROR] {ERR:H1} Hashboard 1 has a problem, but this is a NoPIC miner and bosminer can't disable it individually for safety reasons
2026-04-11T01:08:43.544724Z [ERROR] Tuner error: Disabled hashboard 1 {HB:1}: Hashchip: number of responses 0 of read_register(reg=0x0) doesn't match chip count 110: reply 0x0 missing",logs_10_102_1_65_MINER-10-102-1-65.txt
10.102.1.7,0算力,0.000000,算力板芯片枚举不足（Hashchip 与 110 不符，已被禁用）,高,网络/矿池连接异常；算力板/芯片异常；多链芯片响应不足或无法通信，Tuner 已禁用对应算力板；优先重插排线/换槽位，仍失败则更换板卡；PSU I²C 校验失败可为次要因素，多在板卡与链路确认后再复测电源通信,多链芯片响应不足或无法通信，Tuner 已禁用对应算力板；优先重插排线/换槽位，仍失败则更换板卡；PSU I²C 校验失败可为次要因素，多在板卡与链路确认后再复测电源通信；算力板/芯片异常,根据 Tuner error / CHAIN 日志确认 {HB:n} 与「number of responses … doesn't match chip count 110」对应链；断电后重插故障板数据排线与电源接口；与正常链互换槽位判断是板卡还是槽位/控制板；仅一链正常时总算力约为额定三分之一属常见现象；PSU I²C checksum 异常多为次要，板卡稳定后再复测电源；若某链长期 0 响应或响应数远低于 110，按算力板硬件损坏或通信链路故障处理，更换板卡或送修；当前日志涉及 HB:3,"2026-04-02T03:38:17.519093Z [ERROR] {ERR:H1} Hashboard 3 has a problem, but this is a NoPIC miner and bosminer can't disable it individually for safety reasons
2026-04-02T03:38:17.529085Z [ERROR] Tuner error: Stage Some(4): restart: Disabled hashboard 3 {HB:3}: Hashchip: number of responses 50 of read_register(reg=0x0) doesn't match chip count 110: reply 0x64 missing
========== errors（错误） ==========
2015-01-01T00:03:43.405369Z [ERROR] Failed to resolve (""a830bcc3.bos.braiins.com"", 3336)
2026-03-31T22:28:03.787872Z [ERROR] Failed to resolve (""a830bcc3.bos.braiins.com"", 3336)
2026-04-05T21:45:47.494591Z [ERROR] Failed to resolve (""a830bcc3.bos.braiins.com"", 3336)
2026-04-05T21:46:18.533003Z [ERROR] Failed to resolve (""a830bcc3.bos.braiins.com"", 3336)
2026-04-05T21:46:39.566464Z [ERROR] Failed to resolve (""a830bcc3.bos.braiins.com"", 3336)
2026-03-29T15:43:04.705909Z [ERROR] Failed to resolve (""sha256.poolbinance.com"", 443)
2026-03-29T15:43:24.732974Z [ERROR] Failed to resolve (""btc.poolbinance.com"", 1800)
2026-03-29T15:43:26.741839Z [ERROR] Failed to resolve (""bs.poolbinance.com"", 3333)
2026-03-29T15:58:01.939097Z [ERROR] Failed to resolve (""a830bcc3.bos.braiins.com"", 3336)",logs_10_102_1_7_MINER-10-102-1-7.txt
